q1_rad,q3_rad,segment,q2_min_rad,q2_max_rad,sample_count
-0.755653905,0,0,0.72458193,1.07364778,11
-0.755653905,0.0436332313,0,0.72458193,1.07364778,11
-0.755653905,0.0872664626,0,0.72458193,1.07364778,11
-0.755653905,0.1308996939,0,0.72458193,1.07364778,11
-0.755653905,0.1745329252,0,0.72458193,1.07364778,11
-0.755653905,0.2181661565,0,0.72458193,1.07364778,11
-0.755653905,0.2617993878,0,0.72458193,1.07364778,11
-0.755653905,0.3054326191,0,0.72458193,1.07364778,11
-0.755653905,0.3490658504,0,0.72458193,1.07364778,11
-0.755653905,0.3926990817,0,0.72458193,1.07364778,11
-0.755653905,0.436332313,0,0.72458193,1.07364778,11
-0.755653905,0.4799655443,0,0.72458193,1.07364778,11
-0.755653905,0.5235987756,0,0.72458193,1.07364778,11
-0.755653905,0.5672320069,0,0.72458193,1.07364778,11
-0.755653905,0.6108652382,0,0.72458193,1.07364778,11
-0.755653905,0.6544984695,0,0.72458193,1.07364778,11
-0.755653905,0.6981317008,0,0.72458193,1.07364778,11
-0.755653905,0.7417649321,0,0.72458193,1.07364778,11
-0.755653905,0.7853981634,0,0.72458193,1.07364778,11
-0.755653905,0.8290313947,0,0.72458193,1.07364778,11
-0.755653905,0.872664626,0,0.72458193,1.07364778,11
-0.755653905,0.9162978573,0,0.72458193,1.07364778,11
-0.755653905,0.9599310886,0,0.72458193,1.07364778,11
-0.755653905,1.00356432,0,0.72458193,1.07364778,11
-0.755653905,1.047197551,0,0.72458193,1.07364778,11
-0.755653905,1.090830782,0,0.72458193,1.07364778,11
-0.755653905,1.134464014,0,0.72458193,1.07364778,11
-0.755653905,1.178097245,0,0.72458193,1.07364778,11
-0.755653905,1.221730476,0,0.72458193,1.07364778,11
-0.755653905,1.265363708,0,0.72458193,1.07364778,11
-0.755653905,1.308996939,0,0.72458193,1.07364778,11
-0.755653905,1.35263017,0,0.72458193,1.07364778,11
-0.755653905,1.396263402,0,0.72458193,1.07364778,11
-0.755653905,1.439896633,0,0.72458193,1.07364778,11
-0.755653905,1.483529864,0,0.72458193,1.07364778,11
-0.755653905,1.527163096,0,0.72458193,1.07364778,11
-0.72074732,0,0,0.65476876,1.038741195,12
-0.72074732,0.0436332313,0,0.65476876,1.038741195,12
-0.72074732,0.0872664626,0,0.65476876,1.038741195,12
-0.72074732,0.1308996939,0,0.65476876,1.038741195,12
-0.72074732,0.1745329252,0,0.65476876,1.038741195,12
-0.72074732,0.2181661565,0,0.65476876,1.038741195,12
-0.72074732,0.2617993878,0,0.65476876,1.038741195,12
-0.72074732,0.3054326191,0,0.65476876,1.038741195,12
-0.72074732,0.3490658504,0,0.65476876,1.038741195,12
-0.72074732,0.3926990817,0,0.65476876,1.038741195,12
-0.72074732,0.436332313,0,0.65476876,1.038741195,12
-0.72074732,0.4799655443,0,0.65476876,1.038741195,12
-0.72074732,0.5235987756,0,0.65476876,1.038741195,12
-0.72074732,0.5672320069,0,0.65476876,1.038741195,12
-0.72074732,0.6108652382,0,0.65476876,1.038741195,12
-0.72074732,0.6544984695,0,0.65476876,1.038741195,12
-0.72074732,0.6981317008,0,0.65476876,1.038741195,12
-0.72074732,0.7417649321,0,0.65476876,1.038741195,12
-0.72074732,0.7853981634,0,0.65476876,1.038741195,12
-0.72074732,0.8290313947,0,0.65476876,1.038741195,12
-0.72074732,0.872664626,0,0.65476876,1.038741195,12
-0.72074732,0.9162978573,0,0.65476876,1.038741195,12
-0.72074732,0.9599310886,0,0.65476876,1.038741195,12
-0.72074732,1.00356432,0,0.65476876,1.038741195,12
-0.72074732,1.047197551,0,0.65476876,1.038741195,12
-0.72074732,1.090830782,0,0.65476876,1.038741195,12
-0.72074732,1.134464014,0,0.65476876,1.038741195,12
-0.72074732,1.178097245,0,0.65476876,1.038741195,12
-0.72074732,1.221730476,0,0.65476876,1.038741195,12
-0.72074732,1.265363708,0,0.65476876,1.038741195,12
-0.72074732,1.308996939,0,0.65476876,1.038741195,12
-0.72074732,1.35263017,0,0.65476876,1.038741195,12
-0.72074732,1.396263402,0,0.65476876,1.038741195,12
-0.72074732,1.439896633,0,0.65476876,1.038741195,12
-0.72074732,1.483529864,0,0.65476876,1.038741195,12
-0.72074732,1.527163096,0,0.65476876,1.038741195,12
-0.685840735,0,0,0.550049005,1.038741195,15
-0.685840735,0.0436332313,0,0.550049005,1.038741195,15
-0.685840735,0.0872664626,0,0.550049005,1.038741195,15
-0.685840735,0.1308996939,0,0.550049005,1.038741195,15
-0.685840735,0.1745329252,0,0.550049005,1.038741195,15
-0.685840735,0.2181661565,0,0.550049005,1.038741195,15
-0.685840735,0.2617993878,0,0.550049005,1.038741195,15
-0.685840735,0.3054326191,0,0.550049005,1.038741195,15
-0.685840735,0.3490658504,0,0.550049005,1.038741195,15
-0.685840735,0.3926990817,0,0.550049005,1.038741195,15
-0.685840735,0.436332313,0,0.550049005,1.038741195,15
-0.685840735,0.4799655443,0,0.550049005,1.038741195,15
-0.685840735,0.5235987756,0,0.550049005,1.038741195,15
-0.685840735,0.5672320069,0,0.550049005,1.038741195,15
-0.685840735,0.6108652382,0,0.550049005,1.038741195,15
-0.685840735,0.6544984695,0,0.550049005,1.038741195,15
-0.685840735,0.6981317008,0,0.550049005,1.038741195,15
-0.685840735,0.7417649321,0,0.550049005,1.038741195,15
-0.685840735,0.7853981634,0,0.550049005,1.038741195,15
-0.685840735,0.8290313947,0,0.550049005,1.038741195,15
-0.685840735,0.872664626,0,0.550049005,1.038741195,15
-0.685840735,0.9162978573,0,0.550049005,1.038741195,15
-0.685840735,0.9599310886,0,0.550049005,1.038741195,15
-0.685840735,1.00356432,0,0.550049005,1.038741195,15
-0.685840735,1.047197551,0,0.550049005,1.038741195,15
-0.685840735,1.090830782,0,0.550049005,1.038741195,15
-0.685840735,1.134464014,0,0.550049005,1.038741195,15
-0.685840735,1.178097245,0,0.550049005,1.038741195,15
-0.685840735,1.221730476,0,0.550049005,1.038741195,15
-0.685840735,1.265363708,0,0.550049005,1.038741195,15
-0.685840735,1.308996939,0,0.550049005,1.038741195,15
-0.685840735,1.35263017,0,0.550049005,1.038741195,15
-0.685840735,1.396263402,0,0.550049005,1.038741195,15
-0.685840735,1.439896633,0,0.550049005,1.038741195,15
-0.685840735,1.483529864,0,0.550049005,1.038741195,15
-0.685840735,1.527163096,0,0.550049005,1.038741195,15
-0.65093415,0,0,0.480235835,1.00383461,16
-0.65093415,0.0436332313,0,0.480235835,1.00383461,16
-0.65093415,0.0872664626,0,0.480235835,1.00383461,16
-0.65093415,0.1308996939,0,0.480235835,1.00383461,16
-0.65093415,0.1745329252,0,0.480235835,1.00383461,16
-0.65093415,0.2181661565,0,0.480235835,1.00383461,16
-0.65093415,0.2617993878,0,0.480235835,1.00383461,16
-0.65093415,0.3054326191,0,0.480235835,1.00383461,16
-0.65093415,0.3490658504,0,0.480235835,1.00383461,16
-0.65093415,0.3926990817,0,0.480235835,1.00383461,16
-0.65093415,0.436332313,0,0.480235835,1.00383461,16
-0.65093415,0.4799655443,0,0.480235835,1.00383461,16
-0.65093415,0.5235987756,0,0.480235835,1.00383461,16
-0.65093415,0.5672320069,0,0.480235835,1.00383461,16
-0.65093415,0.6108652382,0,0.480235835,1.00383461,16
-0.65093415,0.6544984695,0,0.480235835,1.00383461,16
-0.65093415,0.6981317008,0,0.480235835,1.00383461,16
-0.65093415,0.7417649321,0,0.480235835,1.00383461,16
-0.65093415,0.7853981634,0,0.480235835,1.00383461,16
-0.65093415,0.8290313947,0,0.480235835,1.00383461,16
-0.65093415,0.872664626,0,0.480235835,1.00383461,16
-0.65093415,0.9162978573,0,0.480235835,1.00383461,16
-0.65093415,0.9599310886,0,0.480235835,1.00383461,16
-0.65093415,1.00356432,0,0.480235835,1.00383461,16
-0.65093415,1.047197551,0,0.480235835,1.00383461,16
-0.65093415,1.090830782,0,0.480235835,1.00383461,16
-0.65093415,1.134464014,0,0.480235835,1.00383461,16
-0.65093415,1.178097245,0,0.480235835,1.00383461,16
-0.65093415,1.221730476,0,0.480235835,1.00383461,16
-0.65093415,1.265363708,0,0.480235835,1.00383461,16
-0.65093415,1.308996939,0,0.480235835,1.00383461,16
-0.65093415,1.35263017,0,0.480235835,1.00383461,16
-0.65093415,1.396263402,0,0.480235835,1.00383461,16
-0.65093415,1.439896633,0,0.480235835,1.00383461,16
-0.65093415,1.483529864,0,0.480235835,1.00383461,16
-0.65093415,1.527163096,0,0.480235835,1.00383461,16
-0.616027565,0,0,0.410422665,1.00383461,18
-0.616027565,0.0436332313,0,0.410422665,1.00383461,18
-0.616027565,0.0872664626,0,0.410422665,1.00383461,18
-0.616027565,0.1308996939,0,0.410422665,1.00383461,18
-0.616027565,0.1745329252,0,0.410422665,1.00383461,18
-0.616027565,0.2181661565,0,0.410422665,1.00383461,18
-0.616027565,0.2617993878,0,0.410422665,1.00383461,18
-0.616027565,0.3054326191,0,0.410422665,1.00383461,18
-0.616027565,0.3490658504,0,0.410422665,1.00383461,18
-0.616027565,0.3926990817,0,0.410422665,1.00383461,18
-0.616027565,0.436332313,0,0.410422665,1.00383461,18
-0.616027565,0.4799655443,0,0.410422665,1.00383461,18
-0.616027565,0.5235987756,0,0.410422665,1.00383461,18
-0.616027565,0.5672320069,0,0.410422665,1.00383461,18
-0.616027565,0.6108652382,0,0.410422665,1.00383461,18
-0.616027565,0.6544984695,0,0.410422665,1.00383461,18
-0.616027565,0.6981317008,0,0.410422665,1.00383461,18
-0.616027565,0.7417649321,0,0.410422665,1.00383461,18
-0.616027565,0.7853981634,0,0.410422665,1.00383461,18
-0.616027565,0.8290313947,0,0.410422665,1.00383461,18
-0.616027565,0.872664626,0,0.410422665,1.00383461,18
-0.616027565,0.9162978573,0,0.410422665,1.00383461,18
-0.616027565,0.9599310886,0,0.410422665,1.00383461,18
-0.616027565,1.00356432,0,0.410422665,1.00383461,18
-0.616027565,1.047197551,0,0.410422665,1.00383461,18
-0.616027565,1.090830782,0,0.410422665,1.00383461,18
-0.616027565,1.134464014,0,0.410422665,1.00383461,18
-0.616027565,1.178097245,0,0.410422665,1.00383461,18
-0.616027565,1.221730476,0,0.410422665,1.00383461,18
-0.616027565,1.265363708,0,0.410422665,1.00383461,18
-0.616027565,1.308996939,0,0.410422665,1.00383461,18
-0.616027565,1.35263017,0,0.410422665,1.00383461,18
-0.616027565,1.396263402,0,0.410422665,1.00383461,18
-0.616027565,1.439896633,0,0.410422665,1.00383461,18
-0.616027565,1.483529864,0,0.410422665,1.00383461,18
-0.616027565,1.527163096,0,0.410422665,1.00383461,18
-0.58112098,0,0,0.340609495,0.968928025,19
-0.58112098,0.0436332313,0,0.340609495,0.968928025,19
-0.58112098,0.0872664626,0,0.340609495,0.968928025,19
-0.58112098,0.1308996939,0,0.340609495,0.968928025,19
-0.58112098,0.1745329252,0,0.340609495,0.968928025,19
-0.58112098,0.2181661565,0,0.340609495,0.968928025,19
-0.58112098,0.2617993878,0,0.340609495,0.968928025,19
-0.58112098,0.3054326191,0,0.340609495,0.968928025,19
-0.58112098,0.3490658504,0,0.340609495,0.968928025,19
-0.58112098,0.3926990817,0,0.340609495,0.968928025,19
-0.58112098,0.436332313,0,0.340609495,0.968928025,19
-0.58112098,0.4799655443,0,0.340609495,0.968928025,19
-0.58112098,0.5235987756,0,0.340609495,0.968928025,19
-0.58112098,0.5672320069,0,0.340609495,0.968928025,19
-0.58112098,0.6108652382,0,0.340609495,0.968928025,19
-0.58112098,0.6544984695,0,0.340609495,0.968928025,19
-0.58112098,0.6981317008,0,0.340609495,0.968928025,19
-0.58112098,0.7417649321,0,0.340609495,0.968928025,19
-0.58112098,0.7853981634,0,0.340609495,0.968928025,19
-0.58112098,0.8290313947,0,0.340609495,0.968928025,19
-0.58112098,0.872664626,0,0.340609495,0.968928025,19
-0.58112098,0.9162978573,0,0.340609495,0.968928025,19
-0.58112098,0.9599310886,0,0.340609495,0.968928025,19
-0.58112098,1.00356432,0,0.340609495,0.968928025,19
-0.58112098,1.047197551,0,0.340609495,0.968928025,19
-0.58112098,1.090830782,0,0.340609495,0.968928025,19
-0.58112098,1.134464014,0,0.340609495,0.968928025,19
-0.58112098,1.178097245,0,0.340609495,0.968928025,19
-0.58112098,1.221730476,0,0.340609495,0.968928025,19
-0.58112098,1.265363708,0,0.340609495,0.968928025,19
-0.58112098,1.308996939,0,0.340609495,0.968928025,19
-0.58112098,1.35263017,0,0.340609495,0.968928025,19
-0.58112098,1.396263402,0,0.340609495,0.968928025,19
-0.58112098,1.439896633,0,0.340609495,0.968928025,19
-0.58112098,1.483529864,0,0.340609495,0.968928025,19
-0.58112098,1.527163096,0,0.340609495,0.968928025,19
-0.546214395,0,0,0.270796325,0.968928025,21
-0.546214395,0.0436332313,0,0.270796325,0.968928025,21
-0.546214395,0.0872664626,0,0.270796325,0.968928025,21
-0.546214395,0.1308996939,0,0.270796325,0.968928025,21
-0.546214395,0.1745329252,0,0.270796325,0.968928025,21
-0.546214395,0.2181661565,0,0.270796325,0.968928025,21
-0.546214395,0.2617993878,0,0.270796325,0.968928025,21
-0.546214395,0.3054326191,0,0.270796325,0.968928025,21
-0.546214395,0.3490658504,0,0.270796325,0.968928025,21
-0.546214395,0.3926990817,0,0.270796325,0.968928025,21
-0.546214395,0.436332313,0,0.270796325,0.968928025,21
-0.546214395,0.4799655443,0,0.270796325,0.968928025,21
-0.546214395,0.5235987756,0,0.270796325,0.968928025,21
-0.546214395,0.5672320069,0,0.270796325,0.968928025,21
-0.546214395,0.6108652382,0,0.270796325,0.968928025,21
-0.546214395,0.6544984695,0,0.270796325,0.968928025,21
-0.546214395,0.6981317008,0,0.270796325,0.968928025,21
-0.546214395,0.7417649321,0,0.270796325,0.968928025,21
-0.546214395,0.7853981634,0,0.270796325,0.968928025,21
-0.546214395,0.8290313947,0,0.270796325,0.968928025,21
-0.546214395,0.872664626,0,0.270796325,0.968928025,21
-0.546214395,0.9162978573,0,0.270796325,0.968928025,21
-0.546214395,0.9599310886,0,0.270796325,0.968928025,21
-0.546214395,1.00356432,0,0.270796325,0.968928025,21
-0.546214395,1.047197551,0,0.270796325,0.968928025,21
-0.546214395,1.090830782,0,0.270796325,0.968928025,21
-0.546214395,1.134464014,0,0.270796325,0.968928025,21
-0.546214395,1.178097245,0,0.270796325,0.968928025,21
-0.546214395,1.221730476,0,0.270796325,0.968928025,21
-0.546214395,1.265363708,0,0.270796325,0.968928025,21
-0.546214395,1.308996939,0,0.270796325,0.968928025,21
-0.546214395,1.35263017,0,0.270796325,0.968928025,21
-0.546214395,1.396263402,0,0.270796325,0.968928025,21
-0.546214395,1.439896633,0,0.270796325,0.968928025,21
-0.546214395,1.483529864,0,0.270796325,0.968928025,21
-0.546214395,1.527163096,0,0.270796325,0.968928025,21
-0.51130781,0,0,0.200983155,0.968928025,23
-0.51130781,0.0436332313,0,0.200983155,0.968928025,23
-0.51130781,0.0872664626,0,0.200983155,0.968928025,23
-0.51130781,0.1308996939,0,0.200983155,0.968928025,23
-0.51130781,0.1745329252,0,0.200983155,0.968928025,23
-0.51130781,0.2181661565,0,0.200983155,0.968928025,23
-0.51130781,0.2617993878,0,0.200983155,0.968928025,23
-0.51130781,0.3054326191,0,0.200983155,0.968928025,23
-0.51130781,0.3490658504,0,0.200983155,0.968928025,23
-0.51130781,0.3926990817,0,0.200983155,0.968928025,23
-0.51130781,0.436332313,0,0.200983155,0.968928025,23
-0.51130781,0.4799655443,0,0.200983155,0.968928025,23
-0.51130781,0.5235987756,0,0.200983155,0.968928025,23
-0.51130781,0.5672320069,0,0.200983155,0.968928025,23
-0.51130781,0.6108652382,0,0.200983155,0.968928025,23
-0.51130781,0.6544984695,0,0.200983155,0.968928025,23
-0.51130781,0.6981317008,0,0.200983155,0.968928025,23
-0.51130781,0.7417649321,0,0.200983155,0.968928025,23
-0.51130781,0.7853981634,0,0.200983155,0.968928025,23
-0.51130781,0.8290313947,0,0.200983155,0.968928025,23
-0.51130781,0.872664626,0,0.200983155,0.968928025,23
-0.51130781,0.9162978573,0,0.200983155,0.968928025,23
-0.51130781,0.9599310886,0,0.200983155,0.968928025,23
-0.51130781,1.00356432,0,0.200983155,0.968928025,23
-0.51130781,1.047197551,0,0.200983155,0.968928025,23
-0.51130781,1.090830782,0,0.200983155,0.968928025,23
-0.51130781,1.134464014,0,0.200983155,0.968928025,23
-0.51130781,1.178097245,0,0.200983155,0.968928025,23
-0.51130781,1.221730476,0,0.200983155,0.968928025,23
-0.51130781,1.265363708,0,0.200983155,0.968928025,23
-0.51130781,1.308996939,0,0.200983155,0.968928025,23
-0.51130781,1.35263017,0,0.200983155,0.968928025,23
-0.51130781,1.396263402,0,0.200983155,0.968928025,23
-0.51130781,1.439896633,0,0.200983155,0.968928025,23
-0.51130781,1.483529864,0,0.200983155,0.968928025,23
-0.51130781,1.527163096,0,0.200983155,0.968928025,23
-0.476401225,0,0,0.131169985,0.93402144,24
-0.476401225,0.0436332313,0,0.131169985,0.93402144,24
-0.476401225,0.0872664626,0,0.131169985,0.93402144,24
-0.476401225,0.1308996939,0,0.131169985,0.93402144,24
-0.476401225,0.1745329252,0,0.131169985,0.93402144,24
-0.476401225,0.2181661565,0,0.131169985,0.93402144,24
-0.476401225,0.2617993878,0,0.131169985,0.93402144,24
-0.476401225,0.3054326191,0,0.131169985,0.93402144,24
-0.476401225,0.3490658504,0,0.131169985,0.93402144,24
-0.476401225,0.3926990817,0,0.131169985,0.93402144,24
-0.476401225,0.436332313,0,0.131169985,0.93402144,24
-0.476401225,0.4799655443,0,0.131169985,0.93402144,24
-0.476401225,0.5235987756,0,0.131169985,0.93402144,24
-0.476401225,0.5672320069,0,0.131169985,0.93402144,24
-0.476401225,0.6108652382,0,0.131169985,0.93402144,24
-0.476401225,0.6544984695,0,0.131169985,0.93402144,24
-0.476401225,0.6981317008,0,0.131169985,0.93402144,24
-0.476401225,0.7417649321,0,0.131169985,0.93402144,24
-0.476401225,0.7853981634,0,0.131169985,0.93402144,24
-0.476401225,0.8290313947,0,0.131169985,0.93402144,24
-0.476401225,0.872664626,0,0.131169985,0.93402144,24
-0.476401225,0.9162978573,0,0.131169985,0.93402144,24
-0.476401225,0.9599310886,0,0.131169985,0.93402144,24
-0.476401225,1.00356432,0,0.131169985,0.93402144,24
-0.476401225,1.047197551,0,0.131169985,0.93402144,24
-0.476401225,1.090830782,0,0.131169985,0.93402144,24
-0.476401225,1.134464014,0,0.131169985,0.93402144,24
-0.476401225,1.178097245,0,0.131169985,0.93402144,24
-0.476401225,1.221730476,0,0.131169985,0.93402144,24
-0.476401225,1.265363708,0,0.131169985,0.93402144,24
-0.476401225,1.308996939,0,0.131169985,0.93402144,24
-0.476401225,1.35263017,0,0.131169985,0.93402144,24
-0.476401225,1.396263402,0,0.131169985,0.93402144,24
-0.476401225,1.439896633,0,0.131169985,0.93402144,24
-0.476401225,1.483529864,0,0.131169985,0.93402144,24
-0.476401225,1.527163096,0,0.131169985,0.93402144,24
-0.44149464,0,0,0.061356815,0.93402144,26
-0.44149464,0.0436332313,0,0.061356815,0.93402144,26
-0.44149464,0.0872664626,0,0.061356815,0.93402144,26
-0.44149464,0.1308996939,0,0.061356815,0.93402144,26
-0.44149464,0.1745329252,0,0.061356815,0.93402144,26
-0.44149464,0.2181661565,0,0.061356815,0.93402144,26
-0.44149464,0.2617993878,0,0.061356815,0.93402144,26
-0.44149464,0.3054326191,0,0.061356815,0.93402144,26
-0.44149464,0.3490658504,0,0.061356815,0.93402144,26
-0.44149464,0.3926990817,0,0.061356815,0.93402144,26
-0.44149464,0.436332313,0,0.061356815,0.93402144,26
-0.44149464,0.4799655443,0,0.061356815,0.93402144,26
-0.44149464,0.5235987756,0,0.061356815,0.93402144,26
-0.44149464,0.5672320069,0,0.061356815,0.93402144,26
-0.44149464,0.6108652382,0,0.061356815,0.93402144,26
-0.44149464,0.6544984695,0,0.061356815,0.93402144,26
-0.44149464,0.6981317008,0,0.061356815,0.93402144,26
-0.44149464,0.7417649321,0,0.061356815,0.93402144,26
-0.44149464,0.7853981634,0,0.061356815,0.93402144,26
-0.44149464,0.8290313947,0,0.061356815,0.93402144,26
-0.44149464,0.872664626,0,0.061356815,0.93402144,26
-0.44149464,0.9162978573,0,0.061356815,0.93402144,26
-0.44149464,0.9599310886,0,0.061356815,0.93402144,26
-0.44149464,1.00356432,0,0.061356815,0.93402144,26
-0.44149464,1.047197551,0,0.061356815,0.93402144,26
-0.44149464,1.090830782,0,0.061356815,0.93402144,26
-0.44149464,1.134464014,0,0.061356815,0.93402144,26
-0.44149464,1.178097245,0,0.061356815,0.93402144,26
-0.44149464,1.221730476,0,0.061356815,0.93402144,26
-0.44149464,1.265363708,0,0.061356815,0.93402144,26
-0.44149464,1.308996939,0,0.061356815,0.93402144,26
-0.44149464,1.35263017,0,0.061356815,0.93402144,26
-0.44149464,1.396263402,0,0.061356815,0.93402144,26
-0.44149464,1.439896633,0,0.061356815,0.93402144,26
-0.44149464,1.483529864,0,0.061356815,0.93402144,26
-0.44149464,1.527163096,0,0.061356815,0.93402144,26
-0.406588055,0,0,-0.008456355,0.899114855,27
-0.406588055,0.0436332313,0,-0.008456355,0.899114855,27
-0.406588055,0.0872664626,0,-0.008456355,0.899114855,27
-0.406588055,0.1308996939,0,-0.008456355,0.899114855,27
-0.406588055,0.1745329252,0,-0.008456355,0.899114855,27
-0.406588055,0.2181661565,0,-0.008456355,0.899114855,27
-0.406588055,0.2617993878,0,-0.008456355,0.899114855,27
-0.406588055,0.3054326191,0,-0.008456355,0.899114855,27
-0.406588055,0.3490658504,0,-0.008456355,0.899114855,27
-0.406588055,0.3926990817,0,-0.008456355,0.899114855,27
-0.406588055,0.436332313,0,-0.008456355,0.899114855,27
-0.406588055,0.4799655443,0,-0.008456355,0.899114855,27
-0.406588055,0.5235987756,0,-0.008456355,0.899114855,27
-0.406588055,0.5672320069,0,-0.008456355,0.899114855,27
-0.406588055,0.6108652382,0,-0.008456355,0.899114855,27
-0.406588055,0.6544984695,0,-0.008456355,0.899114855,27
-0.406588055,0.6981317008,0,-0.008456355,0.899114855,27
-0.406588055,0.7417649321,0,-0.008456355,0.899114855,27
-0.406588055,0.7853981634,0,-0.008456355,0.899114855,27
-0.406588055,0.8290313947,0,-0.008456355,0.899114855,27
-0.406588055,0.872664626,0,-0.008456355,0.899114855,27
-0.406588055,0.9162978573,0,-0.008456355,0.899114855,27
-0.406588055,0.9599310886,0,-0.008456355,0.899114855,27
-0.406588055,1.00356432,0,-0.008456355,0.899114855,27
-0.406588055,1.047197551,0,-0.008456355,0.899114855,27
-0.406588055,1.090830782,0,-0.008456355,0.899114855,27
-0.406588055,1.134464014,0,-0.008456355,0.899114855,27
-0.406588055,1.178097245,0,-0.008456355,0.899114855,27
-0.406588055,1.221730476,0,-0.008456355,0.899114855,27
-0.406588055,1.265363708,0,-0.008456355,0.899114855,27
-0.406588055,1.308996939,0,-0.008456355,0.899114855,27
-0.406588055,1.35263017,0,-0.008456355,0.899114855,27
-0.406588055,1.396263402,0,-0.008456355,0.899114855,27
-0.406588055,1.439896633,0,-0.008456355,0.899114855,27
-0.406588055,1.483529864,0,-0.008456355,0.899114855,27
-0.406588055,1.527163096,0,-0.008456355,0.899114855,27
-0.37168147,0,0,-0.078269525,0.899114855,29
-0.37168147,0.0436332313,0,-0.078269525,0.899114855,29
-0.37168147,0.0872664626,0,-0.078269525,0.899114855,29
-0.37168147,0.1308996939,0,-0.078269525,0.899114855,29
-0.37168147,0.1745329252,0,-0.078269525,0.899114855,29
-0.37168147,0.2181661565,0,-0.078269525,0.899114855,29
-0.37168147,0.2617993878,0,-0.078269525,0.899114855,29
-0.37168147,0.3054326191,0,-0.078269525,0.899114855,29
-0.37168147,0.3490658504,0,-0.078269525,0.899114855,29
-0.37168147,0.3926990817,0,-0.078269525,0.899114855,29
-0.37168147,0.436332313,0,-0.078269525,0.899114855,29
-0.37168147,0.4799655443,0,-0.078269525,0.899114855,29
-0.37168147,0.5235987756,0,-0.078269525,0.899114855,29
-0.37168147,0.5672320069,0,-0.078269525,0.899114855,29
-0.37168147,0.6108652382,0,-0.078269525,0.899114855,29
-0.37168147,0.6544984695,0,-0.078269525,0.899114855,29
-0.37168147,0.6981317008,0,-0.078269525,0.899114855,29
-0.37168147,0.7417649321,0,-0.078269525,0.899114855,29
-0.37168147,0.7853981634,0,-0.078269525,0.899114855,29
-0.37168147,0.8290313947,0,-0.078269525,0.899114855,29
-0.37168147,0.872664626,0,-0.078269525,0.899114855,29
-0.37168147,0.9162978573,0,-0.078269525,0.899114855,29
-0.37168147,0.9599310886,0,-0.078269525,0.899114855,29
-0.37168147,1.00356432,0,-0.078269525,0.899114855,29
-0.37168147,1.047197551,0,-0.078269525,0.899114855,29
-0.37168147,1.090830782,0,-0.078269525,0.899114855,29
-0.37168147,1.134464014,0,-0.078269525,0.899114855,29
-0.37168147,1.178097245,0,-0.078269525,0.899114855,29
-0.37168147,1.221730476,0,-0.078269525,0.899114855,29
-0.37168147,1.265363708,0,-0.078269525,0.899114855,29
-0.37168147,1.308996939,0,-0.078269525,0.899114855,29
-0.37168147,1.35263017,0,-0.078269525,0.899114855,29
-0.37168147,1.396263402,0,-0.078269525,0.899114855,29
-0.37168147,1.439896633,0,-0.078269525,0.899114855,29
-0.37168147,1.483529864,0,-0.078269525,0.899114855,29
-0.37168147,1.527163096,0,-0.078269525,0.899114855,29
-0.336774885,0,0,-0.11317611,0.899114855,30
-0.336774885,0.0436332313,0,-0.11317611,0.899114855,30
-0.336774885,0.0872664626,0,-0.11317611,0.899114855,30
-0.336774885,0.1308996939,0,-0.11317611,0.899114855,30
-0.336774885,0.1745329252,0,-0.11317611,0.899114855,30
-0.336774885,0.2181661565,0,-0.11317611,0.899114855,30
-0.336774885,0.2617993878,0,-0.11317611,0.899114855,30
-0.336774885,0.3054326191,0,-0.11317611,0.899114855,30
-0.336774885,0.3490658504,0,-0.11317611,0.899114855,30
-0.336774885,0.3926990817,0,-0.11317611,0.899114855,30
-0.336774885,0.436332313,0,-0.11317611,0.899114855,30
-0.336774885,0.4799655443,0,-0.11317611,0.899114855,30
-0.336774885,0.5235987756,0,-0.11317611,0.899114855,30
-0.336774885,0.5672320069,0,-0.11317611,0.899114855,30
-0.336774885,0.6108652382,0,-0.11317611,0.899114855,30
-0.336774885,0.6544984695,0,-0.11317611,0.899114855,30
-0.336774885,0.6981317008,0,-0.11317611,0.899114855,30
-0.336774885,0.7417649321,0,-0.11317611,0.899114855,30
-0.336774885,0.7853981634,0,-0.11317611,0.899114855,30
-0.336774885,0.8290313947,0,-0.11317611,0.899114855,30
-0.336774885,0.872664626,0,-0.11317611,0.899114855,30
-0.336774885,0.9162978573,0,-0.11317611,0.899114855,30
-0.336774885,0.9599310886,0,-0.11317611,0.899114855,30
-0.336774885,1.00356432,0,-0.11317611,0.899114855,30
-0.336774885,1.047197551,0,-0.11317611,0.899114855,30
-0.336774885,1.090830782,0,-0.11317611,0.899114855,30
-0.336774885,1.134464014,0,-0.11317611,0.899114855,30
-0.336774885,1.178097245,0,-0.11317611,0.899114855,30
-0.336774885,1.221730476,0,-0.11317611,0.899114855,30
-0.336774885,1.265363708,0,-0.11317611,0.899114855,30
-0.336774885,1.308996939,0,-0.11317611,0.899114855,30
-0.336774885,1.35263017,0,-0.11317611,0.899114855,30
-0.336774885,1.396263402,0,-0.11317611,0.899114855,30
-0.336774885,1.439896633,0,-0.11317611,0.899114855,30
-0.336774885,1.483529864,0,-0.11317611,0.899114855,30
-0.336774885,1.527163096,0,-0.11317611,0.899114855,30
-0.3018683,0,0,-0.18298928,0.899114855,32
-0.3018683,0.0436332313,0,-0.18298928,0.899114855,32
-0.3018683,0.0872664626,0,-0.18298928,0.899114855,32
-0.3018683,0.1308996939,0,-0.18298928,0.899114855,32
-0.3018683,0.1745329252,0,-0.18298928,0.899114855,32
-0.3018683,0.2181661565,0,-0.18298928,0.899114855,32
-0.3018683,0.2617993878,0,-0.18298928,0.899114855,32
-0.3018683,0.3054326191,0,-0.18298928,0.899114855,32
-0.3018683,0.3490658504,0,-0.18298928,0.899114855,32
-0.3018683,0.3926990817,0,-0.18298928,0.899114855,32
-0.3018683,0.436332313,0,-0.18298928,0.899114855,32
-0.3018683,0.4799655443,0,-0.18298928,0.899114855,32
-0.3018683,0.5235987756,0,-0.18298928,0.899114855,32
-0.3018683,0.5672320069,0,-0.18298928,0.899114855,32
-0.3018683,0.6108652382,0,-0.18298928,0.899114855,32
-0.3018683,0.6544984695,0,-0.18298928,0.899114855,32
-0.3018683,0.6981317008,0,-0.18298928,0.899114855,32
-0.3018683,0.7417649321,0,-0.18298928,0.899114855,32
-0.3018683,0.7853981634,0,-0.18298928,0.899114855,32
-0.3018683,0.8290313947,0,-0.18298928,0.899114855,32
-0.3018683,0.872664626,0,-0.18298928,0.899114855,32
-0.3018683,0.9162978573,0,-0.18298928,0.899114855,32
-0.3018683,0.9599310886,0,-0.18298928,0.899114855,32
-0.3018683,1.00356432,0,-0.18298928,0.899114855,32
-0.3018683,1.047197551,0,-0.18298928,0.899114855,32
-0.3018683,1.090830782,0,-0.18298928,0.899114855,32
-0.3018683,1.134464014,0,-0.18298928,0.899114855,32
-0.3018683,1.178097245,0,-0.18298928,0.899114855,32
-0.3018683,1.221730476,0,-0.18298928,0.899114855,32
-0.3018683,1.265363708,0,-0.18298928,0.899114855,32
-0.3018683,1.308996939,0,-0.18298928,0.899114855,32
-0.3018683,1.35263017,0,-0.18298928,0.899114855,32
-0.3018683,1.396263402,0,-0.18298928,0.899114855,32
-0.3018683,1.439896633,0,-0.18298928,0.899114855,32
-0.3018683,1.483529864,0,-0.18298928,0.899114855,32
-0.3018683,1.527163096,0,-0.18298928,0.899114855,32
-0.266961715,0,0,-0.25280245,0.899114855,34
-0.266961715,0.0436332313,0,-0.25280245,0.899114855,34
-0.266961715,0.0872664626,0,-0.25280245,0.899114855,34
-0.266961715,0.1308996939,0,-0.25280245,0.899114855,34
-0.266961715,0.1745329252,0,-0.25280245,0.899114855,34
-0.266961715,0.2181661565,0,-0.25280245,0.899114855,34
-0.266961715,0.2617993878,0,-0.25280245,0.899114855,34
-0.266961715,0.3054326191,0,-0.25280245,0.899114855,34
-0.266961715,0.3490658504,0,-0.25280245,0.899114855,34
-0.266961715,0.3926990817,0,-0.25280245,0.899114855,34
-0.266961715,0.436332313,0,-0.25280245,0.899114855,34
-0.266961715,0.4799655443,0,-0.25280245,0.899114855,34
-0.266961715,0.5235987756,0,-0.25280245,0.899114855,34
-0.266961715,0.5672320069,0,-0.25280245,0.899114855,34
-0.266961715,0.6108652382,0,-0.25280245,0.899114855,34
-0.266961715,0.6544984695,0,-0.25280245,0.899114855,34
-0.266961715,0.6981317008,0,-0.25280245,0.899114855,34
-0.266961715,0.7417649321,0,-0.25280245,0.899114855,34
-0.266961715,0.7853981634,0,-0.25280245,0.899114855,34
-0.266961715,0.8290313947,0,-0.25280245,0.899114855,34
-0.266961715,0.872664626,0,-0.25280245,0.899114855,34
-0.266961715,0.9162978573,0,-0.25280245,0.899114855,34
-0.266961715,0.9599310886,0,-0.25280245,0.899114855,34
-0.266961715,1.00356432,0,-0.25280245,0.899114855,34
-0.266961715,1.047197551,0,-0.25280245,0.899114855,34
-0.266961715,1.090830782,0,-0.25280245,0.899114855,34
-0.266961715,1.134464014,0,-0.25280245,0.899114855,34
-0.266961715,1.178097245,0,-0.25280245,0.899114855,34
-0.266961715,1.221730476,0,-0.25280245,0.899114855,34
-0.266961715,1.265363708,0,-0.25280245,0.899114855,34
-0.266961715,1.308996939,0,-0.25280245,0.899114855,34
-0.266961715,1.35263017,0,-0.25280245,0.899114855,34
-0.266961715,1.396263402,0,-0.25280245,0.899114855,34
-0.266961715,1.439896633,0,-0.25280245,0.899114855,34
-0.266961715,1.483529864,0,-0.25280245,0.899114855,34
-0.266961715,1.527163096,0,-0.25280245,0.899114855,34
-0.23205513,0,0,-0.287709035,0.899114855,35
-0.23205513,0.0436332313,0,-0.287709035,0.899114855,35
-0.23205513,0.0872664626,0,-0.287709035,0.899114855,35
-0.23205513,0.1308996939,0,-0.287709035,0.899114855,35
-0.23205513,0.1745329252,0,-0.287709035,0.899114855,35
-0.23205513,0.2181661565,0,-0.287709035,0.899114855,35
-0.23205513,0.2617993878,0,-0.287709035,0.899114855,35
-0.23205513,0.3054326191,0,-0.287709035,0.899114855,35
-0.23205513,0.3490658504,0,-0.287709035,0.899114855,35
-0.23205513,0.3926990817,0,-0.287709035,0.899114855,35
-0.23205513,0.436332313,0,-0.287709035,0.899114855,35
-0.23205513,0.4799655443,0,-0.287709035,0.899114855,35
-0.23205513,0.5235987756,0,-0.287709035,0.899114855,35
-0.23205513,0.5672320069,0,-0.287709035,0.899114855,35
-0.23205513,0.6108652382,0,-0.287709035,0.899114855,35
-0.23205513,0.6544984695,0,-0.287709035,0.899114855,35
-0.23205513,0.6981317008,0,-0.287709035,0.899114855,35
-0.23205513,0.7417649321,0,-0.287709035,0.899114855,35
-0.23205513,0.7853981634,0,-0.287709035,0.899114855,35
-0.23205513,0.8290313947,0,-0.287709035,0.899114855,35
-0.23205513,0.872664626,0,-0.287709035,0.899114855,35
-0.23205513,0.9162978573,0,-0.287709035,0.899114855,35
-0.23205513,0.9599310886,0,-0.287709035,0.899114855,35
-0.23205513,1.00356432,0,-0.287709035,0.899114855,35
-0.23205513,1.047197551,0,-0.287709035,0.86420827,34
-0.23205513,1.090830782,0,-0.287709035,0.86420827,34
-0.23205513,1.134464014,0,-0.287709035,0.86420827,34
-0.23205513,1.178097245,0,-0.287709035,0.86420827,34
-0.23205513,1.221730476,0,-0.287709035,0.86420827,34
-0.23205513,1.265363708,0,-0.287709035,0.86420827,34
-0.23205513,1.308996939,0,-0.287709035,0.86420827,34
-0.23205513,1.35263017,0,-0.287709035,0.86420827,34
-0.23205513,1.396263402,0,-0.287709035,0.86420827,34
-0.23205513,1.439896633,0,-0.287709035,0.86420827,34
-0.23205513,1.483529864,0,-0.287709035,0.86420827,34
-0.23205513,1.527163096,0,-0.287709035,0.86420827,34
-0.197148545,0,0,-0.357522205,0.899114855,37
-0.197148545,0.0436332313,0,-0.357522205,0.899114855,37
-0.197148545,0.0872664626,0,-0.357522205,0.899114855,37
-0.197148545,0.1308996939,0,-0.357522205,0.899114855,37
-0.197148545,0.1745329252,0,-0.357522205,0.899114855,37
-0.197148545,0.2181661565,0,-0.357522205,0.899114855,37
-0.197148545,0.2617993878,0,-0.357522205,0.899114855,37
-0.197148545,0.3054326191,0,-0.357522205,0.899114855,37
-0.197148545,0.3490658504,0,-0.357522205,0.899114855,37
-0.197148545,0.3926990817,0,-0.357522205,0.899114855,37
-0.197148545,0.436332313,0,-0.357522205,0.899114855,37
-0.197148545,0.4799655443,0,-0.357522205,0.899114855,37
-0.197148545,0.5235987756,0,-0.357522205,0.899114855,37
-0.197148545,0.5672320069,0,-0.357522205,0.899114855,37
-0.197148545,0.6108652382,0,-0.357522205,0.86420827,36
-0.197148545,0.6544984695,0,-0.357522205,0.86420827,36
-0.197148545,0.6981317008,0,-0.357522205,0.86420827,36
-0.197148545,0.7417649321,0,-0.357522205,0.86420827,36
-0.197148545,0.7853981634,0,-0.357522205,0.86420827,36
-0.197148545,0.8290313947,0,-0.357522205,0.86420827,36
-0.197148545,0.872664626,0,-0.357522205,0.86420827,36
-0.197148545,0.9162978573,0,-0.357522205,0.86420827,36
-0.197148545,0.9599310886,0,-0.357522205,0.86420827,36
-0.197148545,1.00356432,0,-0.357522205,0.86420827,36
-0.197148545,1.047197551,0,-0.357522205,0.86420827,36
-0.197148545,1.090830782,0,-0.357522205,0.86420827,36
-0.197148545,1.134464014,0,-0.357522205,0.829301685,35
-0.197148545,1.178097245,0,-0.357522205,0.829301685,35
-0.197148545,1.221730476,0,-0.357522205,0.829301685,35
-0.197148545,1.265363708,0,-0.357522205,0.829301685,35
-0.197148545,1.308996939,0,-0.357522205,0.829301685,35
-0.197148545,1.35263017,0,-0.357522205,0.829301685,35
-0.197148545,1.396263402,0,-0.357522205,0.829301685,35
-0.197148545,1.439896633,0,-0.357522205,0.829301685,35
-0.197148545,1.483529864,0,-0.357522205,0.829301685,35
-0.197148545,1.527163096,0,-0.357522205,0.829301685,35
-0.16224196,0,0,-0.39242879,0.899114855,38
-0.16224196,0.0436332313,0,-0.39242879,0.899114855,38
-0.16224196,0.0872664626,0,-0.39242879,0.899114855,38
-0.16224196,0.1308996939,0,-0.39242879,0.899114855,38
-0.16224196,0.1745329252,0,-0.39242879,0.899114855,38
-0.16224196,0.2181661565,0,-0.39242879,0.899114855,38
-0.16224196,0.2617993878,0,-0.39242879,0.899114855,38
-0.16224196,0.3054326191,0,-0.39242879,0.899114855,38
-0.16224196,0.3490658504,0,-0.39242879,0.86420827,37
-0.16224196,0.3926990817,0,-0.39242879,0.86420827,37
-0.16224196,0.436332313,0,-0.39242879,0.86420827,37
-0.16224196,0.4799655443,0,-0.39242879,0.86420827,37
-0.16224196,0.5235987756,0,-0.39242879,0.86420827,37
-0.16224196,0.5672320069,0,-0.39242879,0.86420827,37
-0.16224196,0.6108652382,0,-0.39242879,0.86420827,37
-0.16224196,0.6544984695,0,-0.39242879,0.829301685,36
-0.16224196,0.6981317008,0,-0.39242879,0.829301685,36
-0.16224196,0.7417649321,0,-0.39242879,0.829301685,36
-0.16224196,0.7853981634,0,-0.39242879,0.829301685,36
-0.16224196,0.8290313947,0,-0.39242879,0.829301685,36
-0.16224196,0.872664626,0,-0.39242879,0.829301685,36
-0.16224196,0.9162978573,0,-0.39242879,0.829301685,36
-0.16224196,0.9599310886,0,-0.39242879,0.829301685,36
-0.16224196,1.00356432,0,-0.39242879,0.829301685,36
-0.16224196,1.047197551,0,-0.39242879,0.829301685,36
-0.16224196,1.090830782,0,-0.39242879,0.829301685,36
-0.16224196,1.134464014,0,-0.39242879,0.829301685,36
-0.16224196,1.178097245,0,-0.39242879,0.829301685,36
-0.16224196,1.221730476,0,-0.39242879,0.7943951,35
-0.16224196,1.265363708,0,-0.39242879,0.7943951,35
-0.16224196,1.308996939,0,-0.39242879,0.7943951,35
-0.16224196,1.35263017,0,-0.39242879,0.7943951,35
-0.16224196,1.396263402,0,-0.39242879,0.7943951,35
-0.16224196,1.439896633,0,-0.39242879,0.7943951,35
-0.16224196,1.483529864,0,-0.39242879,0.7943951,35
-0.16224196,1.527163096,0,-0.39242879,0.7943951,35
-0.127335375,0,0,-0.46224196,0.899114855,40
-0.127335375,0.0436332313,0,-0.46224196,0.899114855,40
-0.127335375,0.0872664626,0,-0.46224196,0.86420827,39
-0.127335375,0.1308996939,0,-0.46224196,0.86420827,39
-0.127335375,0.1745329252,0,-0.46224196,0.86420827,39
-0.127335375,0.2181661565,0,-0.46224196,0.86420827,39
-0.127335375,0.2617993878,0,-0.46224196,0.86420827,39
-0.127335375,0.3054326191,0,-0.46224196,0.86420827,39
-0.127335375,0.3490658504,0,-0.46224196,0.829301685,38
-0.127335375,0.3926990817,0,-0.46224196,0.829301685,38
-0.127335375,0.436332313,0,-0.46224196,0.829301685,38
-0.127335375,0.4799655443,0,-0.46224196,0.829301685,38
-0.127335375,0.5235987756,0,-0.46224196,0.829301685,38
-0.127335375,0.5672320069,0,-0.46224196,0.829301685,38
-0.127335375,0.6108652382,0,-0.46224196,0.829301685,38
-0.127335375,0.6544984695,0,-0.46224196,0.829301685,38
-0.127335375,0.6981317008,0,-0.46224196,0.7943951,37
-0.127335375,0.7417649321,0,-0.46224196,0.7943951,37
-0.127335375,0.7853981634,0,-0.46224196,0.7943951,37
-0.127335375,0.8290313947,0,-0.46224196,0.7943951,37
-0.127335375,0.872664626,0,-0.46224196,0.7943951,37
-0.127335375,0.9162978573,0,-0.46224196,0.7943951,37
-0.127335375,0.9599310886,0,-0.46224196,0.7943951,37
-0.127335375,1.00356432,0,-0.46224196,0.7943951,37
-0.127335375,1.047197551,0,-0.46224196,0.7943951,37
-0.127335375,1.090830782,0,-0.46224196,0.7943951,37
-0.127335375,1.134464014,0,-0.46224196,0.7943951,37
-0.127335375,1.178097245,0,-0.46224196,0.7943951,37
-0.127335375,1.221730476,0,-0.46224196,0.7943951,37
-0.127335375,1.265363708,0,-0.46224196,0.759488515,36
-0.127335375,1.308996939,0,-0.46224196,0.759488515,36
-0.127335375,1.35263017,0,-0.46224196,0.759488515,36
-0.127335375,1.396263402,0,-0.46224196,0.759488515,36
-0.127335375,1.439896633,0,-0.46224196,0.759488515,36
-0.127335375,1.483529864,0,-0.46224196,0.759488515,36
-0.127335375,1.527163096,0,-0.46224196,0.759488515,36
-0.09242879,0,0,-0.497148545,0.86420827,40
-0.09242879,0.0436332313,0,-0.497148545,0.86420827,40
-0.09242879,0.0872664626,0,-0.497148545,0.86420827,40
-0.09242879,0.1308996939,0,-0.497148545,0.829301685,39
-0.09242879,0.1745329252,0,-0.497148545,0.829301685,39
-0.09242879,0.2181661565,0,-0.497148545,0.829301685,39
-0.09242879,0.2617993878,0,-0.497148545,0.829301685,39
-0.09242879,0.3054326191,0,-0.497148545,0.829301685,39
-0.09242879,0.3490658504,0,-0.497148545,0.829301685,39
-0.09242879,0.3926990817,0,-0.497148545,0.7943951,38
-0.09242879,0.436332313,0,-0.497148545,0.7943951,38
-0.09242879,0.4799655443,0,-0.497148545,0.7943951,38
-0.09242879,0.5235987756,0,-0.497148545,0.7943951,38
-0.09242879,0.5672320069,0,-0.497148545,0.7943951,38
-0.09242879,0.6108652382,0,-0.497148545,0.7943951,38
-0.09242879,0.6544984695,0,-0.497148545,0.7943951,38
-0.09242879,0.6981317008,0,-0.497148545,0.7943951,38
-0.09242879,0.7417649321,0,-0.497148545,0.759488515,37
-0.09242879,0.7853981634,0,-0.497148545,0.759488515,37
-0.09242879,0.8290313947,0,-0.497148545,0.759488515,37
-0.09242879,0.872664626,0,-0.497148545,0.759488515,37
-0.09242879,0.9162978573,0,-0.497148545,0.759488515,37
-0.09242879,0.9599310886,0,-0.497148545,0.759488515,37
-0.09242879,1.00356432,0,-0.497148545,0.759488515,37
-0.09242879,1.047197551,0,-0.497148545,0.759488515,37
-0.09242879,1.090830782,0,-0.497148545,0.759488515,37
-0.09242879,1.134464014,0,-0.497148545,0.759488515,37
-0.09242879,1.178097245,0,-0.497148545,0.759488515,37
-0.09242879,1.221730476,0,-0.497148545,0.759488515,37
-0.09242879,1.265363708,0,-0.497148545,0.759488515,37
-0.09242879,1.308996939,0,-0.497148545,0.759488515,37
-0.09242879,1.35263017,0,-0.497148545,0.72458193,36
-0.09242879,1.396263402,0,-0.497148545,0.72458193,36
-0.09242879,1.439896633,0,-0.497148545,0.72458193,36
-0.09242879,1.483529864,0,-0.497148545,0.72458193,36
-0.09242879,1.527163096,0,-0.497148545,0.72458193,36
-0.057522205,0,0,-0.53205513,0.829301685,40
-0.057522205,0.0436332313,0,-0.53205513,0.829301685,40
-0.057522205,0.0872664626,0,-0.53205513,0.829301685,40
-0.057522205,0.1308996939,0,-0.53205513,0.7943951,39
-0.057522205,0.1745329252,0,-0.53205513,0.7943951,39
-0.057522205,0.2181661565,0,-0.53205513,0.7943951,39
-0.057522205,0.2617993878,0,-0.53205513,0.7943951,39
-0.057522205,0.3054326191,0,-0.53205513,0.7943951,39
-0.057522205,0.3490658504,0,-0.53205513,0.7943951,39
-0.057522205,0.3926990817,0,-0.53205513,0.759488515,38
-0.057522205,0.436332313,0,-0.53205513,0.759488515,38
-0.057522205,0.4799655443,0,-0.53205513,0.759488515,38
-0.057522205,0.5235987756,0,-0.53205513,0.759488515,38
-0.057522205,0.5672320069,0,-0.53205513,0.759488515,38
-0.057522205,0.6108652382,0,-0.53205513,0.759488515,38
-0.057522205,0.6544984695,0,-0.53205513,0.759488515,38
-0.057522205,0.6981317008,0,-0.53205513,0.759488515,38
-0.057522205,0.7417649321,0,-0.53205513,0.72458193,37
-0.057522205,0.7853981634,0,-0.53205513,0.72458193,37
-0.057522205,0.8290313947,0,-0.53205513,0.72458193,37
-0.057522205,0.872664626,0,-0.53205513,0.72458193,37
-0.057522205,0.9162978573,0,-0.53205513,0.72458193,37
-0.057522205,0.9599310886,0,-0.53205513,0.72458193,37
-0.057522205,1.00356432,0,-0.53205513,0.72458193,37
-0.057522205,1.047197551,0,-0.53205513,0.72458193,37
-0.057522205,1.090830782,0,-0.53205513,0.72458193,37
-0.057522205,1.134464014,0,-0.53205513,0.72458193,37
-0.057522205,1.178097245,0,-0.53205513,0.72458193,37
-0.057522205,1.221730476,0,-0.53205513,0.72458193,37
-0.057522205,1.265363708,0,-0.53205513,0.72458193,37
-0.057522205,1.308996939,0,-0.53205513,0.72458193,37
-0.057522205,1.35263017,0,-0.53205513,0.72458193,37
-0.057522205,1.396263402,0,-0.53205513,0.72458193,37
-0.057522205,1.439896633,0,-0.53205513,0.689675345,36
-0.057522205,1.483529864,0,-0.53205513,0.689675345,36
-0.057522205,1.527163096,0,-0.53205513,0.689675345,36
-0.02261562,0,0,-0.566961715,0.7943951,40
-0.02261562,0.0436332313,0,-0.566961715,0.7943951,40
-0.02261562,0.0872664626,0,-0.566961715,0.7943951,40
-0.02261562,0.1308996939,0,-0.566961715,0.759488515,39
-0.02261562,0.1745329252,0,-0.566961715,0.759488515,39
-0.02261562,0.2181661565,0,-0.566961715,0.759488515,39
-0.02261562,0.2617993878,0,-0.566961715,0.759488515,39
-0.02261562,0.3054326191,0,-0.566961715,0.759488515,39
-0.02261562,0.3490658504,0,-0.566961715,0.759488515,39
-0.02261562,0.3926990817,0,-0.566961715,0.72458193,38
-0.02261562,0.436332313,0,-0.566961715,0.72458193,38
-0.02261562,0.4799655443,0,-0.566961715,0.72458193,38
-0.02261562,0.5235987756,0,-0.566961715,0.72458193,38
-0.02261562,0.5672320069,0,-0.566961715,0.72458193,38
-0.02261562,0.6108652382,0,-0.566961715,0.72458193,38
-0.02261562,0.6544984695,0,-0.566961715,0.72458193,38
-0.02261562,0.6981317008,0,-0.566961715,0.72458193,38
-0.02261562,0.7417649321,0,-0.566961715,0.689675345,37
-0.02261562,0.7853981634,0,-0.566961715,0.689675345,37
-0.02261562,0.8290313947,0,-0.566961715,0.689675345,37
-0.02261562,0.872664626,0,-0.566961715,0.689675345,37
-0.02261562,0.9162978573,0,-0.566961715,0.689675345,37
-0.02261562,0.9599310886,0,-0.566961715,0.689675345,37
-0.02261562,1.00356432,0,-0.566961715,0.689675345,37
-0.02261562,1.047197551,0,-0.566961715,0.689675345,37
-0.02261562,1.090830782,0,-0.566961715,0.689675345,37
-0.02261562,1.134464014,0,-0.566961715,0.689675345,37
-0.02261562,1.178097245,0,-0.566961715,0.689675345,37
-0.02261562,1.221730476,0,-0.566961715,0.689675345,37
-0.02261562,1.265363708,0,-0.566961715,0.689675345,37
-0.02261562,1.308996939,0,-0.566961715,0.689675345,37
-0.02261562,1.35263017,0,-0.566961715,0.689675345,37
-0.02261562,1.396263402,0,-0.566961715,0.689675345,37
-0.02261562,1.439896633,0,-0.566961715,0.689675345,37
-0.02261562,1.483529864,0,-0.566961715,0.65476876,36
-0.02261562,1.527163096,0,-0.566961715,0.65476876,36
0.012290965,0,0,-0.6018683,0.759488515,40
0.012290965,0.0436332313,0,-0.6018683,0.759488515,40
0.012290965,0.0872664626,0,-0.6018683,0.759488515,40
0.012290965,0.1308996939,0,-0.6018683,0.72458193,39
0.012290965,0.1745329252,0,-0.6018683,0.72458193,39
0.012290965,0.2181661565,0,-0.6018683,0.72458193,39
0.012290965,0.2617993878,0,-0.6018683,0.72458193,39
0.012290965,0.3054326191,0,-0.6018683,0.72458193,39
0.012290965,0.3490658504,0,-0.6018683,0.72458193,39
0.012290965,0.3926990817,0,-0.6018683,0.689675345,38
0.012290965,0.436332313,0,-0.6018683,0.689675345,38
0.012290965,0.4799655443,0,-0.6018683,0.689675345,38
0.012290965,0.5235987756,0,-0.6018683,0.689675345,38
0.012290965,0.5672320069,0,-0.6018683,0.689675345,38
0.012290965,0.6108652382,0,-0.6018683,0.689675345,38
0.012290965,0.6544984695,0,-0.6018683,0.689675345,38
0.012290965,0.6981317008,0,-0.6018683,0.689675345,38
0.012290965,0.7417649321,0,-0.6018683,0.65476876,37
0.012290965,0.7853981634,0,-0.6018683,0.65476876,37
0.012290965,0.8290313947,0,-0.6018683,0.65476876,37
0.012290965,0.872664626,0,-0.6018683,0.65476876,37
0.012290965,0.9162978573,0,-0.6018683,0.65476876,37
0.012290965,0.9599310886,0,-0.6018683,0.65476876,37
0.012290965,1.00356432,0,-0.6018683,0.65476876,37
0.012290965,1.047197551,0,-0.6018683,0.65476876,37
0.012290965,1.090830782,0,-0.6018683,0.65476876,37
0.012290965,1.134464014,0,-0.6018683,0.65476876,37
0.012290965,1.178097245,0,-0.6018683,0.65476876,37
0.012290965,1.221730476,0,-0.6018683,0.65476876,37
0.012290965,1.265363708,0,-0.6018683,0.65476876,37
0.012290965,1.308996939,0,-0.6018683,0.65476876,37
0.012290965,1.35263017,0,-0.6018683,0.65476876,37
0.012290965,1.396263402,0,-0.6018683,0.65476876,37
0.012290965,1.439896633,0,-0.6018683,0.65476876,37
0.012290965,1.483529864,0,-0.6018683,0.619862175,36
0.012290965,1.527163096,0,-0.6018683,0.619862175,36
0.04719755,0,0,-0.636774885,0.72458193,40
0.04719755,0.0436332313,0,-0.636774885,0.72458193,40
0.04719755,0.0872664626,0,-0.636774885,0.72458193,40
0.04719755,0.1308996939,0,-0.636774885,0.689675345,39
0.04719755,0.1745329252,0,-0.636774885,0.689675345,39
0.04719755,0.2181661565,0,-0.636774885,0.689675345,39
0.04719755,0.2617993878,0,-0.636774885,0.689675345,39
0.04719755,0.3054326191,0,-0.636774885,0.689675345,39
0.04719755,0.3490658504,0,-0.636774885,0.689675345,39
0.04719755,0.3926990817,0,-0.636774885,0.65476876,38
0.04719755,0.436332313,0,-0.636774885,0.65476876,38
0.04719755,0.4799655443,0,-0.636774885,0.65476876,38
0.04719755,0.5235987756,0,-0.636774885,0.65476876,38
0.04719755,0.5672320069,0,-0.636774885,0.65476876,38
0.04719755,0.6108652382,0,-0.636774885,0.65476876,38
0.04719755,0.6544984695,0,-0.636774885,0.65476876,38
0.04719755,0.6981317008,0,-0.636774885,0.65476876,38
0.04719755,0.7417649321,0,-0.636774885,0.619862175,37
0.04719755,0.7853981634,0,-0.636774885,0.619862175,37
0.04719755,0.8290313947,0,-0.636774885,0.619862175,37
0.04719755,0.872664626,0,-0.636774885,0.619862175,37
0.04719755,0.9162978573,0,-0.636774885,0.619862175,37
0.04719755,0.9599310886,0,-0.636774885,0.619862175,37
0.04719755,1.00356432,0,-0.636774885,0.619862175,37
0.04719755,1.047197551,0,-0.636774885,0.619862175,37
0.04719755,1.090830782,0,-0.636774885,0.619862175,37
0.04719755,1.134464014,0,-0.636774885,0.619862175,37
0.04719755,1.178097245,0,-0.636774885,0.619862175,37
0.04719755,1.221730476,0,-0.636774885,0.619862175,37
0.04719755,1.265363708,0,-0.636774885,0.619862175,37
0.04719755,1.308996939,0,-0.636774885,0.619862175,37
0.04719755,1.35263017,0,-0.636774885,0.619862175,37
0.04719755,1.396263402,0,-0.636774885,0.619862175,37
0.04719755,1.439896633,0,-0.636774885,0.58495559,36
0.04719755,1.483529864,0,-0.636774885,0.58495559,36
0.04719755,1.527163096,0,-0.636774885,0.58495559,36
0.082104135,0,0,-0.67168147,0.689675345,40
0.082104135,0.0436332313,0,-0.67168147,0.689675345,40
0.082104135,0.0872664626,0,-0.67168147,0.689675345,40
0.082104135,0.1308996939,0,-0.67168147,0.65476876,39
0.082104135,0.1745329252,0,-0.67168147,0.65476876,39
0.082104135,0.2181661565,0,-0.67168147,0.65476876,39
0.082104135,0.2617993878,0,-0.67168147,0.65476876,39
0.082104135,0.3054326191,0,-0.67168147,0.65476876,39
0.082104135,0.3490658504,0,-0.67168147,0.65476876,39
0.082104135,0.3926990817,0,-0.67168147,0.619862175,38
0.082104135,0.436332313,0,-0.67168147,0.619862175,38
0.082104135,0.4799655443,0,-0.67168147,0.619862175,38
0.082104135,0.5235987756,0,-0.67168147,0.619862175,38
0.082104135,0.5672320069,0,-0.67168147,0.619862175,38
0.082104135,0.6108652382,0,-0.67168147,0.619862175,38
0.082104135,0.6544984695,0,-0.67168147,0.619862175,38
0.082104135,0.6981317008,0,-0.67168147,0.619862175,38
0.082104135,0.7417649321,0,-0.67168147,0.58495559,37
0.082104135,0.7853981634,0,-0.67168147,0.58495559,37
0.082104135,0.8290313947,0,-0.67168147,0.58495559,37
0.082104135,0.872664626,0,-0.67168147,0.58495559,37
0.082104135,0.9162978573,0,-0.67168147,0.58495559,37
0.082104135,0.9599310886,0,-0.67168147,0.58495559,37
0.082104135,1.00356432,0,-0.67168147,0.58495559,37
0.082104135,1.047197551,0,-0.67168147,0.58495559,37
0.082104135,1.090830782,0,-0.67168147,0.58495559,37
0.082104135,1.134464014,0,-0.67168147,0.58495559,37
0.082104135,1.178097245,0,-0.67168147,0.58495559,37
0.082104135,1.221730476,0,-0.67168147,0.58495559,37
0.082104135,1.265363708,0,-0.67168147,0.58495559,37
0.082104135,1.308996939,0,-0.67168147,0.58495559,37
0.082104135,1.35263017,0,-0.67168147,0.58495559,37
0.082104135,1.396263402,0,-0.67168147,0.550049005,36
0.082104135,1.439896633,0,-0.67168147,0.550049005,36
0.082104135,1.483529864,0,-0.67168147,0.550049005,36
0.082104135,1.527163096,0,-0.67168147,0.550049005,36
0.11701072,0,0,-0.706588055,0.65476876,40
0.11701072,0.0436332313,0,-0.706588055,0.65476876,40
0.11701072,0.0872664626,0,-0.706588055,0.65476876,40
0.11701072,0.1308996939,0,-0.706588055,0.619862175,39
0.11701072,0.1745329252,0,-0.706588055,0.619862175,39
0.11701072,0.2181661565,0,-0.706588055,0.619862175,39
0.11701072,0.2617993878,0,-0.706588055,0.619862175,39
0.11701072,0.3054326191,0,-0.706588055,0.619862175,39
0.11701072,0.3490658504,0,-0.706588055,0.619862175,39
0.11701072,0.3926990817,0,-0.706588055,0.58495559,38
0.11701072,0.436332313,0,-0.706588055,0.58495559,38
0.11701072,0.4799655443,0,-0.706588055,0.58495559,38
0.11701072,0.5235987756,0,-0.706588055,0.58495559,38
0.11701072,0.5672320069,0,-0.706588055,0.58495559,38
0.11701072,0.6108652382,0,-0.706588055,0.58495559,38
0.11701072,0.6544984695,0,-0.706588055,0.58495559,38
0.11701072,0.6981317008,0,-0.706588055,0.550049005,37
0.11701072,0.7417649321,0,-0.706588055,0.550049005,37
0.11701072,0.7853981634,0,-0.706588055,0.550049005,37
0.11701072,0.8290313947,0,-0.706588055,0.550049005,37
0.11701072,0.872664626,0,-0.706588055,0.550049005,37
0.11701072,0.9162978573,0,-0.706588055,0.550049005,37
0.11701072,0.9599310886,0,-0.706588055,0.550049005,37
0.11701072,1.00356432,0,-0.706588055,0.550049005,37
0.11701072,1.047197551,0,-0.706588055,0.550049005,37
0.11701072,1.090830782,0,-0.706588055,0.550049005,37
0.11701072,1.134464014,0,-0.706588055,0.550049005,37
0.11701072,1.178097245,0,-0.706588055,0.550049005,37
0.11701072,1.221730476,0,-0.706588055,0.550049005,37
0.11701072,1.265363708,0,-0.706588055,0.550049005,37
0.11701072,1.308996939,0,-0.706588055,0.51514242,36
0.11701072,1.35263017,0,-0.706588055,0.51514242,36
0.11701072,1.396263402,0,-0.706588055,0.51514242,36
0.11701072,1.439896633,0,-0.706588055,0.51514242,36
0.11701072,1.483529864,0,-0.706588055,0.51514242,36
0.11701072,1.527163096,0,-0.706588055,0.51514242,36
0.151917305,0,0,-0.74149464,0.619862175,40
0.151917305,0.0436332313,0,-0.74149464,0.619862175,40
0.151917305,0.0872664626,0,-0.74149464,0.58495559,39
0.151917305,0.1308996939,0,-0.74149464,0.58495559,39
0.151917305,0.1745329252,0,-0.74149464,0.58495559,39
0.151917305,0.2181661565,0,-0.74149464,0.58495559,39
0.151917305,0.2617993878,0,-0.74149464,0.58495559,39
0.151917305,0.3054326191,0,-0.74149464,0.58495559,39
0.151917305,0.3490658504,0,-0.74149464,0.550049005,38
0.151917305,0.3926990817,0,-0.74149464,0.550049005,38
0.151917305,0.436332313,0,-0.74149464,0.550049005,38
0.151917305,0.4799655443,0,-0.74149464,0.550049005,38
0.151917305,0.5235987756,0,-0.74149464,0.550049005,38
0.151917305,0.5672320069,0,-0.74149464,0.550049005,38
0.151917305,0.6108652382,0,-0.74149464,0.550049005,38
0.151917305,0.6544984695,0,-0.74149464,0.550049005,38
0.151917305,0.6981317008,0,-0.74149464,0.51514242,37
0.151917305,0.7417649321,0,-0.74149464,0.51514242,37
0.151917305,0.7853981634,0,-0.74149464,0.51514242,37
0.151917305,0.8290313947,0,-0.74149464,0.51514242,37
0.151917305,0.872664626,0,-0.74149464,0.51514242,37
0.151917305,0.9162978573,0,-0.74149464,0.51514242,37
0.151917305,0.9599310886,0,-0.74149464,0.51514242,37
0.151917305,1.00356432,0,-0.74149464,0.51514242,37
0.151917305,1.047197551,0,-0.74149464,0.51514242,37
0.151917305,1.090830782,0,-0.74149464,0.51514242,37
0.151917305,1.134464014,0,-0.74149464,0.51514242,37
0.151917305,1.178097245,0,-0.74149464,0.51514242,37
0.151917305,1.221730476,0,-0.74149464,0.480235835,36
0.151917305,1.265363708,0,-0.74149464,0.480235835,36
0.151917305,1.308996939,0,-0.74149464,0.480235835,36
0.151917305,1.35263017,0,-0.74149464,0.480235835,36
0.151917305,1.396263402,0,-0.74149464,0.480235835,36
0.151917305,1.439896633,0,-0.74149464,0.480235835,36
0.151917305,1.483529864,0,-0.74149464,0.480235835,36
0.151917305,1.527163096,0,-0.74149464,0.480235835,36
0.18682389,0,0,-0.74149464,0.58495559,39
0.18682389,0.0436332313,0,-0.74149464,0.550049005,38
0.18682389,0.0872664626,0,-0.74149464,0.550049005,38
0.18682389,0.1308996939,0,-0.74149464,0.550049005,38
0.18682389,0.1745329252,0,-0.74149464,0.550049005,38
0.18682389,0.2181661565,0,-0.74149464,0.550049005,38
0.18682389,0.2617993878,0,-0.74149464,0.550049005,38
0.18682389,0.3054326191,0,-0.74149464,0.51514242,37
0.18682389,0.3490658504,0,-0.74149464,0.51514242,37
0.18682389,0.3926990817,0,-0.74149464,0.51514242,37
0.18682389,0.436332313,0,-0.74149464,0.51514242,37
0.18682389,0.4799655443,0,-0.74149464,0.51514242,37
0.18682389,0.5235987756,0,-0.74149464,0.51514242,37
0.18682389,0.5672320069,0,-0.74149464,0.51514242,37
0.18682389,0.6108652382,0,-0.74149464,0.51514242,37
0.18682389,0.6544984695,0,-0.74149464,0.480235835,36
0.18682389,0.6981317008,0,-0.74149464,0.480235835,36
0.18682389,0.7417649321,0,-0.74149464,0.480235835,36
0.18682389,0.7853981634,0,-0.74149464,0.480235835,36
0.18682389,0.8290313947,0,-0.74149464,0.480235835,36
0.18682389,0.872664626,0,-0.74149464,0.480235835,36
0.18682389,0.9162978573,0,-0.74149464,0.480235835,36
0.18682389,0.9599310886,0,-0.74149464,0.480235835,36
0.18682389,1.00356432,0,-0.74149464,0.480235835,36
0.18682389,1.047197551,0,-0.74149464,0.480235835,36
0.18682389,1.090830782,0,-0.74149464,0.480235835,36
0.18682389,1.134464014,0,-0.74149464,0.44532925,35
0.18682389,1.178097245,0,-0.74149464,0.44532925,35
0.18682389,1.221730476,0,-0.74149464,0.44532925,35
0.18682389,1.265363708,0,-0.74149464,0.44532925,35
0.18682389,1.308996939,0,-0.74149464,0.44532925,35
0.18682389,1.35263017,0,-0.74149464,0.44532925,35
0.18682389,1.396263402,0,-0.74149464,0.44532925,35
0.18682389,1.439896633,0,-0.74149464,0.44532925,35
0.18682389,1.483529864,0,-0.74149464,0.44532925,35
0.18682389,1.527163096,0,-0.74149464,0.44532925,35
0.221730475,0,0,-0.776401225,0.550049005,39
0.221730475,0.0436332313,0,-0.776401225,0.51514242,38
0.221730475,0.0872664626,0,-0.776401225,0.51514242,38
0.221730475,0.1308996939,0,-0.776401225,0.51514242,38
0.221730475,0.1745329252,0,-0.776401225,0.51514242,38
0.221730475,0.2181661565,0,-0.776401225,0.51514242,38
0.221730475,0.2617993878,0,-0.776401225,0.51514242,38
0.221730475,0.3054326191,0,-0.776401225,0.480235835,37
0.221730475,0.3490658504,0,-0.776401225,0.480235835,37
0.221730475,0.3926990817,0,-0.776401225,0.480235835,37
0.221730475,0.436332313,0,-0.776401225,0.480235835,37
0.221730475,0.4799655443,0,-0.776401225,0.480235835,37
0.221730475,0.5235987756,0,-0.776401225,0.480235835,37
0.221730475,0.5672320069,0,-0.776401225,0.480235835,37
0.221730475,0.6108652382,0,-0.776401225,0.44532925,36
0.221730475,0.6544984695,0,-0.776401225,0.44532925,36
0.221730475,0.6981317008,0,-0.776401225,0.44532925,36
0.221730475,0.7417649321,0,-0.776401225,0.44532925,36
0.221730475,0.7853981634,0,-0.776401225,0.44532925,36
0.221730475,0.8290313947,0,-0.776401225,0.44532925,36
0.221730475,0.872664626,0,-0.776401225,0.44532925,36
0.221730475,0.9162978573,0,-0.776401225,0.44532925,36
0.221730475,0.9599310886,0,-0.776401225,0.44532925,36
0.221730475,1.00356432,0,-0.776401225,0.44532925,36
0.221730475,1.047197551,0,-0.776401225,0.410422665,35
0.221730475,1.090830782,0,-0.776401225,0.410422665,35
0.221730475,1.134464014,0,-0.776401225,0.410422665,35
0.221730475,1.178097245,0,-0.776401225,0.410422665,35
0.221730475,1.221730476,0,-0.776401225,0.410422665,35
0.221730475,1.265363708,0,-0.776401225,0.410422665,35
0.221730475,1.308996939,0,-0.776401225,0.410422665,35
0.221730475,1.35263017,0,-0.776401225,0.410422665,35
0.221730475,1.396263402,0,-0.776401225,0.410422665,35
0.221730475,1.439896633,0,-0.776401225,0.410422665,35
0.221730475,1.483529864,0,-0.776401225,0.410422665,35
0.221730475,1.527163096,0,-0.776401225,0.410422665,35
0.25663706,0,0,-0.776401225,0.480235835,37
0.25663706,0.0436332313,0,-0.776401225,0.480235835,37
0.25663706,0.0872664626,0,-0.776401225,0.480235835,37
0.25663706,0.1308996939,0,-0.776401225,0.480235835,37
0.25663706,0.1745329252,0,-0.776401225,0.480235835,37
0.25663706,0.2181661565,0,-0.776401225,0.480235835,37
0.25663706,0.2617993878,0,-0.776401225,0.44532925,36
0.25663706,0.3054326191,0,-0.776401225,0.44532925,36
0.25663706,0.3490658504,0,-0.776401225,0.44532925,36
0.25663706,0.3926990817,0,-0.776401225,0.44532925,36
0.25663706,0.436332313,0,-0.776401225,0.44532925,36
0.25663706,0.4799655443,0,-0.776401225,0.44532925,36
0.25663706,0.5235987756,0,-0.776401225,0.44532925,36
0.25663706,0.5672320069,0,-0.776401225,0.410422665,35
0.25663706,0.6108652382,0,-0.776401225,0.410422665,35
0.25663706,0.6544984695,0,-0.776401225,0.410422665,35
0.25663706,0.6981317008,0,-0.776401225,0.410422665,35
0.25663706,0.7417649321,0,-0.776401225,0.410422665,35
0.25663706,0.7853981634,0,-0.776401225,0.410422665,35
0.25663706,0.8290313947,0,-0.776401225,0.410422665,35
0.25663706,0.872664626,0,-0.776401225,0.410422665,35
0.25663706,0.9162978573,0,-0.776401225,0.410422665,35
0.25663706,0.9599310886,0,-0.776401225,0.37551608,34
0.25663706,1.00356432,0,-0.776401225,0.37551608,34
0.25663706,1.047197551,0,-0.776401225,0.37551608,34
0.25663706,1.090830782,0,-0.776401225,0.37551608,34
0.25663706,1.134464014,0,-0.776401225,0.37551608,34
0.25663706,1.178097245,0,-0.776401225,0.37551608,34
0.25663706,1.221730476,0,-0.776401225,0.37551608,34
0.25663706,1.265363708,0,-0.776401225,0.37551608,34
0.25663706,1.308996939,0,-0.776401225,0.37551608,34
0.25663706,1.35263017,0,-0.776401225,0.37551608,34
0.25663706,1.396263402,0,-0.776401225,0.37551608,34
0.25663706,1.439896633,0,-0.776401225,0.37551608,34
0.25663706,1.483529864,0,-0.776401225,0.37551608,34
0.25663706,1.527163096,0,-0.776401225,0.37551608,34
0.291543645,0,0,-0.81130781,0.44532925,37
0.291543645,0.0436332313,0,-0.81130781,0.44532925,37
0.291543645,0.0872664626,0,-0.81130781,0.44532925,37
0.291543645,0.1308996939,0,-0.81130781,0.44532925,37
0.291543645,0.1745329252,0,-0.81130781,0.410422665,36
0.291543645,0.2181661565,0,-0.81130781,0.410422665,36
0.291543645,0.2617993878,0,-0.81130781,0.410422665,36
0.291543645,0.3054326191,0,-0.81130781,0.410422665,36
0.291543645,0.3490658504,0,-0.81130781,0.410422665,36
0.291543645,0.3926990817,0,-0.81130781,0.410422665,36
0.291543645,0.436332313,0,-0.81130781,0.410422665,36
0.291543645,0.4799655443,0,-0.81130781,0.37551608,35
0.291543645,0.5235987756,0,-0.81130781,0.37551608,35
0.291543645,0.5672320069,0,-0.81130781,0.37551608,35
0.291543645,0.6108652382,0,-0.81130781,0.37551608,35
0.291543645,0.6544984695,0,-0.81130781,0.37551608,35
0.291543645,0.6981317008,0,-0.81130781,0.37551608,35
0.291543645,0.7417649321,0,-0.81130781,0.37551608,35
0.291543645,0.7853981634,0,-0.81130781,0.37551608,35
0.291543645,0.8290313947,0,-0.81130781,0.37551608,35
0.291543645,0.872664626,0,-0.81130781,0.37551608,35
0.291543645,0.9162978573,0,-0.81130781,0.340609495,34
0.291543645,0.9599310886,0,-0.81130781,0.340609495,34
0.291543645,1.00356432,0,-0.81130781,0.340609495,34
0.291543645,1.047197551,0,-0.81130781,0.340609495,34
0.291543645,1.090830782,0,-0.81130781,0.340609495,34
0.291543645,1.134464014,0,-0.81130781,0.340609495,34
0.291543645,1.178097245,0,-0.81130781,0.340609495,34
0.291543645,1.221730476,0,-0.81130781,0.340609495,34
0.291543645,1.265363708,0,-0.81130781,0.340609495,34
0.291543645,1.308996939,0,-0.81130781,0.340609495,34
0.291543645,1.35263017,0,-0.81130781,0.340609495,34
0.291543645,1.396263402,0,-0.81130781,0.340609495,34
0.291543645,1.439896633,0,-0.81130781,0.340609495,34
0.291543645,1.483529864,0,-0.81130781,0.340609495,34
0.291543645,1.527163096,0,-0.81130781,0.340609495,34
0.32645023,0,0,-0.81130781,0.410422665,36
0.32645023,0.0436332313,0,-0.81130781,0.410422665,36
0.32645023,0.0872664626,0,-0.81130781,0.410422665,36
0.32645023,0.1308996939,0,-0.81130781,0.37551608,35
0.32645023,0.1745329252,0,-0.81130781,0.37551608,35
0.32645023,0.2181661565,0,-0.81130781,0.37551608,35
0.32645023,0.2617993878,0,-0.81130781,0.37551608,35
0.32645023,0.3054326191,0,-0.81130781,0.37551608,35
0.32645023,0.3490658504,0,-0.81130781,0.37551608,35
0.32645023,0.3926990817,0,-0.81130781,0.37551608,35
0.32645023,0.436332313,0,-0.81130781,0.340609495,34
0.32645023,0.4799655443,0,-0.81130781,0.340609495,34
0.32645023,0.5235987756,0,-0.81130781,0.340609495,34
0.32645023,0.5672320069,0,-0.81130781,0.340609495,34
0.32645023,0.6108652382,0,-0.81130781,0.340609495,34
0.32645023,0.6544984695,0,-0.81130781,0.340609495,34
0.32645023,0.6981317008,0,-0.81130781,0.340609495,34
0.32645023,0.7417649321,0,-0.81130781,0.340609495,34
0.32645023,0.7853981634,0,-0.81130781,0.340609495,34
0.32645023,0.8290313947,0,-0.81130781,0.30570291,33
0.32645023,0.872664626,0,-0.81130781,0.30570291,33
0.32645023,0.9162978573,0,-0.81130781,0.30570291,33
0.32645023,0.9599310886,0,-0.81130781,0.30570291,33
0.32645023,1.00356432,0,-0.81130781,0.30570291,33
0.32645023,1.047197551,0,-0.81130781,0.30570291,33
0.32645023,1.090830782,0,-0.81130781,0.30570291,33
0.32645023,1.134464014,0,-0.81130781,0.30570291,33
0.32645023,1.178097245,0,-0.81130781,0.30570291,33
0.32645023,1.221730476,0,-0.81130781,0.30570291,33
0.32645023,1.265363708,0,-0.81130781,0.30570291,33
0.32645023,1.308996939,0,-0.81130781,0.30570291,33
0.32645023,1.35263017,0,-0.81130781,0.30570291,33
0.32645023,1.396263402,0,-0.81130781,0.30570291,33
0.32645023,1.439896633,0,-0.81130781,0.30570291,33
0.32645023,1.483529864,0,-0.81130781,0.30570291,33
0.32645023,1.527163096,0,-0.81130781,0.30570291,33
0.361356815,0,0,-0.846214395,0.37551608,36
0.361356815,0.0436332313,0,-0.846214395,0.37551608,36
0.361356815,0.0872664626,0,-0.846214395,0.340609495,35
0.361356815,0.1308996939,0,-0.846214395,0.340609495,35
0.361356815,0.1745329252,0,-0.846214395,0.340609495,35
0.361356815,0.2181661565,0,-0.846214395,0.340609495,35
0.361356815,0.2617993878,0,-0.846214395,0.340609495,35
0.361356815,0.3054326191,0,-0.846214395,0.340609495,35
0.361356815,0.3490658504,0,-0.846214395,0.30570291,34
0.361356815,0.3926990817,0,-0.846214395,0.30570291,34
0.361356815,0.436332313,0,-0.846214395,0.30570291,34
0.361356815,0.4799655443,0,-0.846214395,0.30570291,34
0.361356815,0.5235987756,0,-0.846214395,0.30570291,34
0.361356815,0.5672320069,0,-0.846214395,0.30570291,34
0.361356815,0.6108652382,0,-0.846214395,0.30570291,34
0.361356815,0.6544984695,0,-0.846214395,0.30570291,34
0.361356815,0.6981317008,0,-0.846214395,0.30570291,34
0.361356815,0.7417649321,0,-0.846214395,0.270796325,33
0.361356815,0.7853981634,0,-0.846214395,0.270796325,33
0.361356815,0.8290313947,0,-0.846214395,0.270796325,33
0.361356815,0.872664626,0,-0.846214395,0.270796325,33
0.361356815,0.9162978573,0,-0.846214395,0.270796325,33
0.361356815,0.9599310886,0,-0.846214395,0.270796325,33
0.361356815,1.00356432,0,-0.846214395,0.270796325,33
0.361356815,1.047197551,0,-0.846214395,0.270796325,33
0.361356815,1.090830782,0,-0.846214395,0.270796325,33
0.361356815,1.134464014,0,-0.846214395,0.270796325,33
0.361356815,1.178097245,0,-0.846214395,0.270796325,33
0.361356815,1.221730476,0,-0.846214395,0.270796325,33
0.361356815,1.265363708,0,-0.846214395,0.270796325,33
0.361356815,1.308996939,0,-0.846214395,0.270796325,33
0.361356815,1.35263017,0,-0.846214395,0.270796325,33
0.361356815,1.396263402,0,-0.846214395,0.270796325,33
0.361356815,1.439896633,0,-0.846214395,0.270796325,33
0.361356815,1.483529864,0,-0.846214395,0.270796325,33
0.361356815,1.527163096,0,-0.846214395,0.23588974,32
0.3962634,0,0,-0.846214395,0.30570291,34
0.3962634,0.0436332313,0,-0.846214395,0.30570291,34
0.3962634,0.0872664626,0,-0.846214395,0.30570291,34
0.3962634,0.1308996939,0,-0.846214395,0.30570291,34
0.3962634,0.1745329252,0,-0.846214395,0.30570291,34
0.3962634,0.2181661565,0,-0.846214395,0.30570291,34
0.3962634,0.2617993878,0,-0.846214395,0.30570291,34
0.3962634,0.3054326191,0,-0.846214395,0.270796325,33
0.3962634,0.3490658504,0,-0.846214395,0.270796325,33
0.3962634,0.3926990817,0,-0.846214395,0.270796325,33
0.3962634,0.436332313,0,-0.846214395,0.270796325,33
0.3962634,0.4799655443,0,-0.846214395,0.270796325,33
0.3962634,0.5235987756,0,-0.846214395,0.270796325,33
0.3962634,0.5672320069,0,-0.846214395,0.270796325,33
0.3962634,0.6108652382,0,-0.846214395,0.270796325,33
0.3962634,0.6544984695,0,-0.846214395,0.23588974,32
0.3962634,0.6981317008,0,-0.846214395,0.23588974,32
0.3962634,0.7417649321,0,-0.846214395,0.23588974,32
0.3962634,0.7853981634,0,-0.846214395,0.23588974,32
0.3962634,0.8290313947,0,-0.846214395,0.23588974,32
0.3962634,0.872664626,0,-0.846214395,0.23588974,32
0.3962634,0.9162978573,0,-0.846214395,0.23588974,32
0.3962634,0.9599310886,0,-0.846214395,0.23588974,32
0.3962634,1.00356432,0,-0.846214395,0.23588974,32
0.3962634,1.047197551,0,-0.846214395,0.23588974,32
0.3962634,1.090830782,0,-0.846214395,0.23588974,32
0.3962634,1.134464014,0,-0.846214395,0.23588974,32
0.3962634,1.178097245,0,-0.846214395,0.23588974,32
0.3962634,1.221730476,0,-0.846214395,0.200983155,31
0.3962634,1.265363708,0,-0.846214395,0.200983155,31
0.3962634,1.308996939,0,-0.846214395,0.200983155,31
0.3962634,1.35263017,0,-0.846214395,0.200983155,31
0.3962634,1.396263402,0,-0.846214395,0.200983155,31
0.3962634,1.439896633,0,-0.846214395,0.200983155,31
0.3962634,1.483529864,0,-0.846214395,0.200983155,31
0.3962634,1.527163096,0,-0.846214395,0.200983155,31
0.431169985,0,0,-0.846214395,0.270796325,33
0.431169985,0.0436332313,0,-0.846214395,0.270796325,33
0.431169985,0.0872664626,0,-0.846214395,0.270796325,33
0.431169985,0.1308996939,0,-0.846214395,0.270796325,33
0.431169985,0.1745329252,0,-0.846214395,0.270796325,33
0.431169985,0.2181661565,0,-0.846214395,0.23588974,32
0.431169985,0.2617993878,0,-0.846214395,0.23588974,32
0.431169985,0.3054326191,0,-0.846214395,0.23588974,32
0.431169985,0.3490658504,0,-0.846214395,0.23588974,32
0.431169985,0.3926990817,0,-0.846214395,0.23588974,32
0.431169985,0.436332313,0,-0.846214395,0.23588974,32
0.431169985,0.4799655443,0,-0.846214395,0.23588974,32
0.431169985,0.5235987756,0,-0.846214395,0.23588974,32
0.431169985,0.5672320069,0,-0.846214395,0.200983155,31
0.431169985,0.6108652382,0,-0.846214395,0.200983155,31
0.431169985,0.6544984695,0,-0.846214395,0.200983155,31
0.431169985,0.6981317008,0,-0.846214395,0.200983155,31
0.431169985,0.7417649321,0,-0.846214395,0.200983155,31
0.431169985,0.7853981634,0,-0.846214395,0.200983155,31
0.431169985,0.8290313947,0,-0.846214395,0.200983155,31
0.431169985,0.872664626,0,-0.846214395,0.200983155,31
0.431169985,0.9162978573,0,-0.846214395,0.200983155,31
0.431169985,0.9599310886,0,-0.846214395,0.200983155,31
0.431169985,1.00356432,0,-0.846214395,0.200983155,31
0.431169985,1.047197551,0,-0.846214395,0.16607657,30
0.431169985,1.090830782,0,-0.846214395,0.16607657,30
0.431169985,1.134464014,0,-0.846214395,0.16607657,30
0.431169985,1.178097245,0,-0.846214395,0.16607657,30
0.431169985,1.221730476,0,-0.846214395,0.16607657,30
0.431169985,1.265363708,0,-0.846214395,0.16607657,30
0.431169985,1.308996939,0,-0.846214395,0.16607657,30
0.431169985,1.35263017,0,-0.846214395,0.16607657,30
0.431169985,1.396263402,0,-0.846214395,0.16607657,30
0.431169985,1.439896633,0,-0.846214395,0.16607657,30
0.431169985,1.483529864,0,-0.846214395,0.16607657,30
0.431169985,1.527163096,0,-0.846214395,0.16607657,30
0.46607657,0,0,-0.846214395,0.23588974,32
0.46607657,0.0436332313,0,-0.846214395,0.23588974,32
0.46607657,0.0872664626,0,-0.846214395,0.23588974,32
0.46607657,0.1308996939,0,-0.846214395,0.200983155,31
0.46607657,0.1745329252,0,-0.846214395,0.200983155,31
0.46607657,0.2181661565,0,-0.846214395,0.200983155,31
0.46607657,0.2617993878,0,-0.846214395,0.200983155,31
0.46607657,0.3054326191,0,-0.846214395,0.200983155,31
0.46607657,0.3490658504,0,-0.846214395,0.200983155,31
0.46607657,0.3926990817,0,-0.846214395,0.200983155,31
0.46607657,0.436332313,0,-0.846214395,0.16607657,30
0.46607657,0.4799655443,0,-0.846214395,0.16607657,30
0.46607657,0.5235987756,0,-0.846214395,0.16607657,30
0.46607657,0.5672320069,0,-0.846214395,0.16607657,30
0.46607657,0.6108652382,0,-0.846214395,0.16607657,30
0.46607657,0.6544984695,0,-0.846214395,0.16607657,30
0.46607657,0.6981317008,0,-0.846214395,0.16607657,30
0.46607657,0.7417649321,0,-0.846214395,0.16607657,30
0.46607657,0.7853981634,0,-0.846214395,0.16607657,30
0.46607657,0.8290313947,0,-0.846214395,0.16607657,30
0.46607657,0.872664626,0,-0.846214395,0.131169985,29
0.46607657,0.9162978573,0,-0.846214395,0.131169985,29
0.46607657,0.9599310886,0,-0.846214395,0.131169985,29
0.46607657,1.00356432,0,-0.846214395,0.131169985,29
0.46607657,1.047197551,0,-0.846214395,0.131169985,29
0.46607657,1.090830782,0,-0.846214395,0.131169985,29
0.46607657,1.134464014,0,-0.846214395,0.131169985,29
0.46607657,1.178097245,0,-0.846214395,0.131169985,29
0.46607657,1.221730476,0,-0.846214395,0.131169985,29
0.46607657,1.265363708,0,-0.846214395,0.131169985,29
0.46607657,1.308996939,0,-0.846214395,0.131169985,29
0.46607657,1.35263017,0,-0.846214395,0.131169985,29
0.46607657,1.396263402,0,-0.846214395,0.131169985,29
0.46607657,1.439896633,0,-0.846214395,0.131169985,29
0.46607657,1.483529864,0,-0.846214395,0.131169985,29
0.46607657,1.527163096,0,-0.846214395,0.131169985,29
0.500983155,0,0,-0.88112098,0.200983155,32
0.500983155,0.0436332313,0,-0.88112098,0.16607657,31
0.500983155,0.0872664626,0,-0.88112098,0.16607657,31
0.500983155,0.1308996939,0,-0.88112098,0.16607657,31
0.500983155,0.1745329252,0,-0.88112098,0.16607657,31
0.500983155,0.2181661565,0,-0.88112098,0.16607657,31
0.500983155,0.2617993878,0,-0.88112098,0.16607657,31
0.500983155,0.3054326191,0,-0.88112098,0.16607657,31
0.500983155,0.3490658504,0,-0.88112098,0.131169985,30
0.500983155,0.3926990817,0,-0.88112098,0.131169985,30
0.500983155,0.436332313,0,-0.88112098,0.131169985,30
0.500983155,0.4799655443,0,-0.88112098,0.131169985,30
0.500983155,0.5235987756,0,-0.88112098,0.131169985,30
0.500983155,0.5672320069,0,-0.88112098,0.131169985,30
0.500983155,0.6108652382,0,-0.88112098,0.131169985,30
0.500983155,0.6544984695,0,-0.88112098,0.131169985,30
0.500983155,0.6981317008,0,-0.88112098,0.131169985,30
0.500983155,0.7417649321,0,-0.88112098,0.0962634,29
0.500983155,0.7853981634,0,-0.88112098,0.0962634,29
0.500983155,0.8290313947,0,-0.88112098,0.0962634,29
0.500983155,0.872664626,0,-0.88112098,0.0962634,29
0.500983155,0.9162978573,0,-0.88112098,0.0962634,29
0.500983155,0.9599310886,0,-0.88112098,0.0962634,29
0.500983155,1.00356432,0,-0.88112098,0.0962634,29
0.500983155,1.047197551,0,-0.88112098,0.0962634,29
0.500983155,1.090830782,0,-0.88112098,0.0962634,29
0.500983155,1.134464014,0,-0.88112098,0.0962634,29
0.500983155,1.178097245,0,-0.88112098,0.0962634,29
0.500983155,1.221730476,0,-0.88112098,0.0962634,29
0.500983155,1.265363708,0,-0.88112098,0.0962634,29
0.500983155,1.308996939,0,-0.88112098,0.0962634,29
0.500983155,1.35263017,0,-0.88112098,0.0962634,29
0.500983155,1.396263402,0,-0.88112098,0.0962634,29
0.500983155,1.439896633,0,-0.88112098,0.0962634,29
0.500983155,1.483529864,0,-0.88112098,0.0962634,29
0.500983155,1.527163096,0,-0.88112098,0.0962634,29
0.53588974,0,0,-0.88112098,0.131169985,30
0.53588974,0.0436332313,0,-0.88112098,0.131169985,30
0.53588974,0.0872664626,0,-0.88112098,0.131169985,30
0.53588974,0.1308996939,0,-0.88112098,0.131169985,30
0.53588974,0.1745329252,0,-0.88112098,0.131169985,30
0.53588974,0.2181661565,0,-0.88112098,0.131169985,30
0.53588974,0.2617993878,0,-0.88112098,0.0962634,29
0.53588974,0.3054326191,0,-0.88112098,0.0962634,29
0.53588974,0.3490658504,0,-0.88112098,0.0962634,29
0.53588974,0.3926990817,0,-0.88112098,0.0962634,29
0.53588974,0.436332313,0,-0.88112098,0.0962634,29
0.53588974,0.4799655443,0,-0.88112098,0.0962634,29
0.53588974,0.5235987756,0,-0.88112098,0.0962634,29
0.53588974,0.5672320069,0,-0.88112098,0.0962634,29
0.53588974,0.6108652382,0,-0.88112098,0.061356815,28
0.53588974,0.6544984695,0,-0.88112098,0.061356815,28
0.53588974,0.6981317008,0,-0.88112098,0.061356815,28
0.53588974,0.7417649321,0,-0.88112098,0.061356815,28
0.53588974,0.7853981634,0,-0.88112098,0.061356815,28
0.53588974,0.8290313947,0,-0.88112098,0.061356815,28
0.53588974,0.872664626,0,-0.88112098,0.061356815,28
0.53588974,0.9162978573,0,-0.88112098,0.061356815,28
0.53588974,0.9599310886,0,-0.88112098,0.061356815,28
0.53588974,1.00356432,0,-0.88112098,0.061356815,28
0.53588974,1.047197551,0,-0.88112098,0.061356815,28
0.53588974,1.090830782,0,-0.88112098,0.061356815,28
0.53588974,1.134464014,0,-0.88112098,0.061356815,28
0.53588974,1.178097245,0,-0.88112098,0.061356815,28
0.53588974,1.221730476,0,-0.88112098,0.061356815,28
0.53588974,1.265363708,0,-0.88112098,0.02645023,27
0.53588974,1.308996939,0,-0.88112098,0.02645023,27
0.53588974,1.35263017,0,-0.88112098,0.02645023,27
0.53588974,1.396263402,0,-0.88112098,0.02645023,27
0.53588974,1.439896633,0,-0.88112098,0.02645023,27
0.53588974,1.483529864,0,-0.88112098,0.02645023,27
0.53588974,1.527163096,0,-0.88112098,0.02645023,27
0.570796325,0,0,-0.88112098,0.0962634,29
0.570796325,0.0436332313,0,-0.88112098,0.0962634,29
0.570796325,0.0872664626,0,-0.88112098,0.0962634,29
0.570796325,0.1308996939,0,-0.88112098,0.0962634,29
0.570796325,0.1745329252,0,-0.88112098,0.061356815,28
0.570796325,0.2181661565,0,-0.88112098,0.061356815,28
0.570796325,0.2617993878,0,-0.88112098,0.061356815,28
0.570796325,0.3054326191,0,-0.88112098,0.061356815,28
0.570796325,0.3490658504,0,-0.88112098,0.061356815,28
0.570796325,0.3926990817,0,-0.88112098,0.061356815,28
0.570796325,0.436332313,0,-0.88112098,0.061356815,28
0.570796325,0.4799655443,0,-0.88112098,0.061356815,28
0.570796325,0.5235987756,0,-0.88112098,0.02645023,27
0.570796325,0.5672320069,0,-0.88112098,0.02645023,27
0.570796325,0.6108652382,0,-0.88112098,0.02645023,27
0.570796325,0.6544984695,0,-0.88112098,0.02645023,27
0.570796325,0.6981317008,0,-0.88112098,0.02645023,27
0.570796325,0.7417649321,0,-0.88112098,0.02645023,27
0.570796325,0.7853981634,0,-0.88112098,0.02645023,27
0.570796325,0.8290313947,0,-0.88112098,0.02645023,27
0.570796325,0.872664626,0,-0.88112098,0.02645023,27
0.570796325,0.9162978573,0,-0.88112098,0.02645023,27
0.570796325,0.9599310886,0,-0.88112098,0.02645023,27
0.570796325,1.00356432,0,-0.88112098,-0.008456355,26
0.570796325,1.047197551,0,-0.88112098,-0.008456355,26
0.570796325,1.090830782,0,-0.88112098,-0.008456355,26
0.570796325,1.134464014,0,-0.88112098,-0.008456355,26
0.570796325,1.178097245,0,-0.88112098,-0.008456355,26
0.570796325,1.221730476,0,-0.88112098,-0.008456355,26
0.570796325,1.265363708,0,-0.88112098,-0.008456355,26
0.570796325,1.308996939,0,-0.88112098,-0.008456355,26
0.570796325,1.35263017,0,-0.88112098,-0.008456355,26
0.570796325,1.396263402,0,-0.88112098,-0.008456355,26
0.570796325,1.439896633,0,-0.88112098,-0.008456355,26
0.570796325,1.483529864,0,-0.88112098,-0.008456355,26
0.570796325,1.527163096,0,-0.88112098,-0.008456355,26
0.60570291,0,0,-0.88112098,0.061356815,28
0.60570291,0.0436332313,0,-0.88112098,0.02645023,27
0.60570291,0.0872664626,0,-0.88112098,0.02645023,27
0.60570291,0.1308996939,0,-0.88112098,0.02645023,27
0.60570291,0.1745329252,0,-0.88112098,0.02645023,27
0.60570291,0.2181661565,0,-0.88112098,0.02645023,27
0.60570291,0.2617993878,0,-0.88112098,0.02645023,27
0.60570291,0.3054326191,0,-0.88112098,0.02645023,27
0.60570291,0.3490658504,0,-0.88112098,0.02645023,27
0.60570291,0.3926990817,0,-0.88112098,-0.008456355,26
0.60570291,0.436332313,0,-0.88112098,-0.008456355,26
0.60570291,0.4799655443,0,-0.88112098,-0.008456355,26
0.60570291,0.5235987756,0,-0.88112098,-0.008456355,26
0.60570291,0.5672320069,0,-0.88112098,-0.008456355,26
0.60570291,0.6108652382,0,-0.88112098,-0.008456355,26
0.60570291,0.6544984695,0,-0.88112098,-0.008456355,26
0.60570291,0.6981317008,0,-0.88112098,-0.008456355,26
0.60570291,0.7417649321,0,-0.88112098,-0.008456355,26
0.60570291,0.7853981634,0,-0.88112098,-0.008456355,26
0.60570291,0.8290313947,0,-0.88112098,-0.04336294,25
0.60570291,0.872664626,0,-0.88112098,-0.04336294,25
0.60570291,0.9162978573,0,-0.88112098,-0.04336294,25
0.60570291,0.9599310886,0,-0.88112098,-0.04336294,25
0.60570291,1.00356432,0,-0.88112098,-0.04336294,25
0.60570291,1.047197551,0,-0.88112098,-0.04336294,25
0.60570291,1.090830782,0,-0.88112098,-0.04336294,25
0.60570291,1.134464014,0,-0.88112098,-0.04336294,25
0.60570291,1.178097245,0,-0.88112098,-0.04336294,25
0.60570291,1.221730476,0,-0.88112098,-0.04336294,25
0.60570291,1.265363708,0,-0.88112098,-0.04336294,25
0.60570291,1.308996939,0,-0.88112098,-0.04336294,25
0.60570291,1.35263017,0,-0.88112098,-0.04336294,25
0.60570291,1.396263402,0,-0.88112098,-0.04336294,25
0.60570291,1.439896633,0,-0.88112098,-0.04336294,25
0.60570291,1.483529864,0,-0.88112098,-0.04336294,25
0.60570291,1.527163096,0,-0.88112098,-0.04336294,25
0.640609495,0,0,-0.88112098,-0.008456355,26
0.640609495,0.0436332313,0,-0.88112098,-0.008456355,26
0.640609495,0.0872664626,0,-0.88112098,-0.008456355,26
0.640609495,0.1308996939,0,-0.88112098,-0.008456355,26
0.640609495,0.1745329252,0,-0.88112098,-0.008456355,26
0.640609495,0.2181661565,0,-0.88112098,-0.008456355,26
0.640609495,0.2617993878,0,-0.88112098,-0.04336294,25
0.640609495,0.3054326191,0,-0.88112098,-0.04336294,25
0.640609495,0.3490658504,0,-0.88112098,-0.04336294,25
0.640609495,0.3926990817,0,-0.88112098,-0.04336294,25
0.640609495,0.436332313,0,-0.88112098,-0.04336294,25
0.640609495,0.4799655443,0,-0.88112098,-0.04336294,25
0.640609495,0.5235987756,0,-0.88112098,-0.04336294,25
0.640609495,0.5672320069,0,-0.88112098,-0.04336294,25
0.640609495,0.6108652382,0,-0.88112098,-0.04336294,25
0.640609495,0.6544984695,0,-0.88112098,-0.078269525,24
0.640609495,0.6981317008,0,-0.88112098,-0.078269525,24
0.640609495,0.7417649321,0,-0.88112098,-0.078269525,24
0.640609495,0.7853981634,0,-0.88112098,-0.078269525,24
0.640609495,0.8290313947,0,-0.88112098,-0.078269525,24
0.640609495,0.872664626,0,-0.88112098,-0.078269525,24
0.640609495,0.9162978573,0,-0.88112098,-0.078269525,24
0.640609495,0.9599310886,0,-0.88112098,-0.078269525,24
0.640609495,1.00356432,0,-0.88112098,-0.078269525,24
0.640609495,1.047197551,0,-0.88112098,-0.078269525,24
0.640609495,1.090830782,0,-0.88112098,-0.078269525,24
0.640609495,1.134464014,0,-0.88112098,-0.078269525,24
0.640609495,1.178097245,0,-0.88112098,-0.078269525,24
0.640609495,1.221730476,0,-0.88112098,-0.078269525,24
0.640609495,1.265363708,0,-0.88112098,-0.078269525,24
0.640609495,1.308996939,0,-0.88112098,-0.078269525,24
0.640609495,1.35263017,0,-0.88112098,-0.078269525,24
0.640609495,1.396263402,0,-0.88112098,-0.078269525,24
0.640609495,1.439896633,0,-0.88112098,-0.078269525,24
0.640609495,1.483529864,0,-0.88112098,-0.078269525,24
0.640609495,1.527163096,0,-0.88112098,-0.078269525,24
0.67551608,0,0,-0.88112098,-0.04336294,25
0.67551608,0.0436332313,0,-0.88112098,-0.04336294,25
0.67551608,0.0872664626,0,-0.88112098,-0.04336294,25
0.67551608,0.1308996939,0,-0.88112098,-0.078269525,24
0.67551608,0.1745329252,0,-0.88112098,-0.078269525,24
0.67551608,0.2181661565,0,-0.88112098,-0.078269525,24
0.67551608,0.2617993878,0,-0.88112098,-0.078269525,24
0.67551608,0.3054326191,0,-0.88112098,-0.078269525,24
0.67551608,0.3490658504,0,-0.88112098,-0.078269525,24
0.67551608,0.3926990817,0,-0.88112098,-0.078269525,24
0.67551608,0.436332313,0,-0.88112098,-0.078269525,24
0.67551608,0.4799655443,0,-0.88112098,-0.078269525,24
0.67551608,0.5235987756,0,-0.88112098,-0.11317611,23
0.67551608,0.5672320069,0,-0.88112098,-0.11317611,23
0.67551608,0.6108652382,0,-0.88112098,-0.11317611,23
0.67551608,0.6544984695,0,-0.88112098,-0.11317611,23
0.67551608,0.6981317008,0,-0.88112098,-0.11317611,23
0.67551608,0.7417649321,0,-0.88112098,-0.11317611,23
0.67551608,0.7853981634,0,-0.88112098,-0.11317611,23
0.67551608,0.8290313947,0,-0.88112098,-0.11317611,23
0.67551608,0.872664626,0,-0.88112098,-0.11317611,23
0.67551608,0.9162978573,0,-0.88112098,-0.11317611,23
0.67551608,0.9599310886,0,-0.88112098,-0.11317611,23
0.67551608,1.00356432,0,-0.88112098,-0.11317611,23
0.67551608,1.047197551,0,-0.88112098,-0.11317611,23
0.67551608,1.090830782,0,-0.88112098,-0.148082695,22
0.67551608,1.134464014,0,-0.88112098,-0.148082695,22
0.67551608,1.178097245,0,-0.88112098,-0.148082695,22
0.67551608,1.221730476,0,-0.88112098,-0.148082695,22
0.67551608,1.265363708,0,-0.88112098,-0.148082695,22
0.67551608,1.308996939,0,-0.88112098,-0.148082695,22
0.67551608,1.35263017,0,-0.88112098,-0.148082695,22
0.67551608,1.396263402,0,-0.88112098,-0.148082695,22
0.67551608,1.439896633,0,-0.88112098,-0.148082695,22
0.67551608,1.483529864,0,-0.88112098,-0.148082695,22
0.67551608,1.527163096,0,-0.88112098,-0.148082695,22
0.710422665,0,0,-0.846214395,-0.11317611,22
0.710422665,0.0436332313,0,-0.846214395,-0.11317611,22
0.710422665,0.0872664626,0,-0.846214395,-0.11317611,22
0.710422665,0.1308996939,0,-0.846214395,-0.11317611,22
0.710422665,0.1745329252,0,-0.846214395,-0.11317611,22
0.710422665,0.2181661565,0,-0.846214395,-0.11317611,22
0.710422665,0.2617993878,0,-0.846214395,-0.11317611,22
0.710422665,0.3054326191,0,-0.846214395,-0.11317611,22
0.710422665,0.3490658504,0,-0.846214395,-0.11317611,22
0.710422665,0.3926990817,0,-0.846214395,-0.148082695,21
0.710422665,0.436332313,0,-0.846214395,-0.148082695,21
0.710422665,0.4799655443,0,-0.846214395,-0.148082695,21
0.710422665,0.5235987756,0,-0.846214395,-0.148082695,21
0.710422665,0.5672320069,0,-0.846214395,-0.148082695,21
0.710422665,0.6108652382,0,-0.846214395,-0.148082695,21
0.710422665,0.6544984695,0,-0.846214395,-0.148082695,21
0.710422665,0.6981317008,0,-0.846214395,-0.148082695,21
0.710422665,0.7417649321,0,-0.846214395,-0.148082695,21
0.710422665,0.7853981634,0,-0.846214395,-0.148082695,21
0.710422665,0.8290313947,0,-0.846214395,-0.18298928,20
0.710422665,0.872664626,0,-0.846214395,-0.18298928,20
0.710422665,0.9162978573,0,-0.846214395,-0.18298928,20
0.710422665,0.9599310886,0,-0.846214395,-0.18298928,20
0.710422665,1.00356432,0,-0.846214395,-0.18298928,20
0.710422665,1.047197551,0,-0.846214395,-0.18298928,20
0.710422665,1.090830782,0,-0.846214395,-0.18298928,20
0.710422665,1.134464014,0,-0.846214395,-0.18298928,20
0.710422665,1.178097245,0,-0.846214395,-0.18298928,20
0.710422665,1.221730476,0,-0.846214395,-0.18298928,20
0.710422665,1.265363708,0,-0.846214395,-0.18298928,20
0.710422665,1.308996939,0,-0.846214395,-0.18298928,20
0.710422665,1.35263017,0,-0.846214395,-0.18298928,20
0.710422665,1.396263402,0,-0.846214395,-0.18298928,20
0.710422665,1.439896633,0,-0.846214395,-0.18298928,20
0.710422665,1.483529864,0,-0.846214395,-0.18298928,20
0.710422665,1.527163096,0,-0.846214395,-0.18298928,20
0.74532925,0,0,-0.846214395,-0.148082695,21
0.74532925,0.0436332313,0,-0.846214395,-0.148082695,21
0.74532925,0.0872664626,0,-0.846214395,-0.148082695,21
0.74532925,0.1308996939,0,-0.846214395,-0.148082695,21
0.74532925,0.1745329252,0,-0.846214395,-0.148082695,21
0.74532925,0.2181661565,0,-0.846214395,-0.18298928,20
0.74532925,0.2617993878,0,-0.846214395,-0.18298928,20
0.74532925,0.3054326191,0,-0.846214395,-0.18298928,20
0.74532925,0.3490658504,0,-0.846214395,-0.18298928,20
0.74532925,0.3926990817,0,-0.846214395,-0.18298928,20
0.74532925,0.436332313,0,-0.846214395,-0.18298928,20
0.74532925,0.4799655443,0,-0.846214395,-0.18298928,20
0.74532925,0.5235987756,0,-0.846214395,-0.18298928,20
0.74532925,0.5672320069,0,-0.846214395,-0.18298928,20
0.74532925,0.6108652382,0,-0.846214395,-0.18298928,20
0.74532925,0.6544984695,0,-0.846214395,-0.217895865,19
0.74532925,0.6981317008,0,-0.846214395,-0.217895865,19
0.74532925,0.7417649321,0,-0.846214395,-0.217895865,19
0.74532925,0.7853981634,0,-0.846214395,-0.217895865,19
0.74532925,0.8290313947,0,-0.846214395,-0.217895865,19
0.74532925,0.872664626,0,-0.846214395,-0.217895865,19
0.74532925,0.9162978573,0,-0.846214395,-0.217895865,19
0.74532925,0.9599310886,0,-0.846214395,-0.217895865,19
0.74532925,1.00356432,0,-0.846214395,-0.217895865,19
0.74532925,1.047197551,0,-0.846214395,-0.217895865,19
0.74532925,1.090830782,0,-0.846214395,-0.217895865,19
0.74532925,1.134464014,0,-0.846214395,-0.217895865,19
0.74532925,1.178097245,0,-0.846214395,-0.217895865,19
0.74532925,1.221730476,0,-0.846214395,-0.217895865,19
0.74532925,1.265363708,0,-0.846214395,-0.217895865,19
0.74532925,1.308996939,0,-0.846214395,-0.217895865,19
0.74532925,1.35263017,0,-0.846214395,-0.217895865,19
0.74532925,1.396263402,0,-0.846214395,-0.217895865,19
0.74532925,1.439896633,0,-0.846214395,-0.217895865,19
0.74532925,1.483529864,0,-0.846214395,-0.217895865,19
0.74532925,1.527163096,0,-0.846214395,-0.217895865,19
0.780235835,0,0,-0.846214395,-0.18298928,20
0.780235835,0.0436332313,0,-0.846214395,-0.18298928,20
0.780235835,0.0872664626,0,-0.846214395,-0.217895865,19
0.780235835,0.1308996939,0,-0.846214395,-0.217895865,19
0.780235835,0.1745329252,0,-0.846214395,-0.217895865,19
0.780235835,0.2181661565,0,-0.846214395,-0.217895865,19
0.780235835,0.2617993878,0,-0.846214395,-0.217895865,19
0.780235835,0.3054326191,0,-0.846214395,-0.217895865,19
0.780235835,0.3490658504,0,-0.846214395,-0.217895865,19
0.780235835,0.3926990817,0,-0.846214395,-0.217895865,19
0.780235835,0.436332313,0,-0.846214395,-0.217895865,19
0.780235835,0.4799655443,0,-0.846214395,-0.25280245,18
0.780235835,0.5235987756,0,-0.846214395,-0.25280245,18
0.780235835,0.5672320069,0,-0.846214395,-0.25280245,18
0.780235835,0.6108652382,0,-0.846214395,-0.25280245,18
0.780235835,0.6544984695,0,-0.846214395,-0.25280245,18
0.780235835,0.6981317008,0,-0.846214395,-0.25280245,18
0.780235835,0.7417649321,0,-0.846214395,-0.25280245,18
0.780235835,0.7853981634,0,-0.846214395,-0.25280245,18
0.780235835,0.8290313947,0,-0.846214395,-0.25280245,18
0.780235835,0.872664626,0,-0.846214395,-0.25280245,18
0.780235835,0.9162978573,0,-0.846214395,-0.25280245,18
0.780235835,0.9599310886,0,-0.846214395,-0.25280245,18
0.780235835,1.00356432,0,-0.846214395,-0.25280245,18
0.780235835,1.047197551,0,-0.846214395,-0.25280245,18
0.780235835,1.090830782,0,-0.846214395,-0.287709035,17
0.780235835,1.134464014,0,-0.846214395,-0.287709035,17
0.780235835,1.178097245,0,-0.846214395,-0.287709035,17
0.780235835,1.221730476,0,-0.846214395,-0.287709035,17
0.780235835,1.265363708,0,-0.846214395,-0.287709035,17
0.780235835,1.308996939,0,-0.846214395,-0.287709035,17
0.780235835,1.35263017,0,-0.846214395,-0.287709035,17
0.780235835,1.396263402,0,-0.846214395,-0.287709035,17
0.780235835,1.439896633,0,-0.846214395,-0.287709035,17
0.780235835,1.483529864,0,-0.846214395,-0.287709035,17
0.780235835,1.527163096,0,-0.846214395,-0.287709035,17
